"l_kw","geonames_kw","geonames_id","lc_kw","lc_id"
"Accra (Ghana)","Accra",2306104,"Accra (Ghana)","n79059515"
"Acholi District (Uganda)","Acholi District",235527,,
"Adampur (Haryana, India)","Adampur",7646705,,
"Addis Ababa (Ethiopia)","Addis Ababa",344979,"Addis Ababa (Ethiopia)","n79061184"
"Adilabad (India : District)","Ādilābād",1279345,"Adilabad (India : District)","n2007200836"
"Afghanistan","Afghanistan",1149361,"Afghanistan","n79063030"
"Africa","Africa",6255146,"Africa","sh85001531"
"Agar River (India)","Agar River",1279291,,
"Agartala (India)","Agartala",1279290,"Agartala (India)","n81095633"
"Agatti Island (India)","Agatti Island",1279278,,
"Agra (India : District)","Agra",1279262,"Agra (India : District)","n79114634"
"Ahmadābād (India : District)","Ahmadābād",1279234,"Ahmadābād (India : District)","n78019943"
"Ahmadnagar (India : District)","Ahmadnagar",1279229,"Ahmadnagar (India : District)","n82023901"
"Ahu River (India)","Ahu Nadī",1279215,,
"Ahvāz (Iran)","Ahvāz",144448,"Ahvāz (Iran)","n81097923"
"Aijal (India : District)","Aizawl",7626588,"Aijal (India : District)","n89234070"
"Ain (France)","Ain",3038422,"Ain (France)","n81079052"
"Aisne (France)","Aisne",3038375,"Aisne (France)","n81039829"
"Ajmer District (India)","Ajmer",1279160,"Ajmer District (India)","n83047451"
"Akashi-shi (Japan)","Akashi",1847966,"Akashi-shi (Japan)","n80108721"
"Aklera (India)","Aklera",1279115,"Aklera (India)",
"Aklūj (India)","Aklūj",1279113,,
"Alabama","Alabama",4829764,"Alabama","n79027034"
"Alameda (Calif.)","Alameda",5322737,"Alameda (Calif.)","n81081050"
"Alameda County (Calif.)","Alameda County",5322745,"Alameda County (Calif.)","n82205017"
"Alaska","Alaska",5879092,"Alaska","n79018447"
"Albany (Calif.)","Albany",5322850,"Albany (Calif.)","n81081052"
"Albion River Watershed (Calif.)",,,,
"Albuquerque (N.M.)","Albuquerque",5454711,"Albuquerque (N.M.)","n79079329"
"Alexandria (Egypt)","Alexandria",361058,"Alexandria (Egypt)","n80067694"
"Algiers (Algeria)","Algiers",2507480,"Algiers (Algeria)","n79058668"
"Alībāg (India)","Alībāg",1279027,"Alibag (India)","n89265169"
"Alīgarh (India : District)","Alīgarh",1279020,"Alīgarh (India : District)","n83156419"
"Allahabad (India : District)","Allahābād",1278995,"Allahabad (India : District)","n85072194"
"Allier (France : Department)","Allier",3038111,"Allier (France : Department)","n82001814"
"Almora (India : District)","Almora",1278975,"Almora (India : District)","n85081975"
"Alpes de Haute-Provence (France)","Alpes de Haute-Provence",3038050,"Alpes de Haute-Provence (France)","n81036014"
"Alpes-Maritimes (France)","Alpes-Maritimes",3038049,"Alpes-Maritimes (France)","n82031739"
"Alsace (France)","Alsace",3038033,"Alsace (France)","n81007355"
"Alwar (India : District)","Alwar",1278947,"Alwar (India : District)","n83009287"
"Ambāla (India : District)","Ambāla",1278861,"Ambāla (India : District)","n88080544"
"Ambattūr (India)","Ambattūr",1278840,,
"Ambikā River (India)","Ambikā River",1278826,,
"American Canyon (Calif.)","American Canyon",5323694,"American Canyon (Calif.)","n2001021388"
"Amrāvati (India : District)","Amrāvati",1278719,"Amrāvati (India : District)","no2005000085"
"Amritsar (India : District)","Amritsar",1278711,"Amritsar (India : District)","n83030714"
"Āmūr (India)","Āmūr",1278697,,
"Anand (India : District)","Anand",7627221,"Anand (India : District)","n2008050108"
"Andaman and Nicobar Islands (India)","Andaman and Nicobar Islands",1278647,"Andaman and Nicobar Islands (India)","n81023398"
"Andaman Islands (India)","Andaman",1278648,"Andaman Islands (India)","sh96007926"
"Andhāri (India)","Andhāri",1278638,,
"Andhāri River (India)","Andhāri River",1278637,,
"Andhra Pradesh (India)","Andhra Pradesh",1278629,"Andhra Pradesh (India)","n79110399"
"Andrōth Island (India)","Andrōth Island",1278616,,
"Anhui Sheng (China)","Anhui Sheng",1818058,"Anhui Sheng (China)","n81066245"
"Anjan Nadī (India)","Anjan Nadī",1278575,,
"Anjuna (India)","Anjuna",1278566,"Anjuna (India)","n88001410"
"Anqing Shi (China)","Anqing",1817993,"Anqing Shi (China)","n85209547"
"Ansan-si (Kyŏnggi-do, Korea)","Ansan-si",1846918,"Ansan-si (Kyŏnggi-do, Korea)","n85137297"
"Antāgarh (India)","Antāgarh",1278530,,
"Antarctica","Antarctica",6255152,"Antarctica","sh85005490"
"Antioch (Calif.)","Antioch",5324200,"Antioch (Calif.)","n81081053"
"Aquitaine (France)","Aquitaine",3037350,"Aquitaine (France)","n81015575"
"Ara (India)","Ara",1278483,"Ara (India)","n88124350"
"Araku (India)","Araku",1278470,"Araku (India)","n2009216218"
"Araria (India : District)","Arāria",7626569,"Araria (India : District)","no2002074810"
"Arctic Ocean","Arctic Ocean",2960860,"Arctic Ocean","sh85006951"
"Ardèche (France)","Ardèche",3037147,"Ardèche (France)","n80125723"
"Ardennes (France)","Ardennes",3037136,"Ardennes (France)","n50051287"
"Ariège (France)","Ariège",3036965,"Ariège (France)","n5005542"
"Arizona","Arizona",5551752,"Arizona","n79034873"
"Arkansas","Arkansas",4099753,"Arkansas","n79034503"
"Arna River (India)","Arna River",1278381,,
"Arpa River (India)","Arpa River",1278360,,
"Arunāchal Pradesh (India)","Arunāchal Pradesh",1278341,"Arunāchal Pradesh (India)","n80067460"
"Asia","Asia",6255147,"Asia","sh85008606"
"Asifābād (India)","Asifābād",1278282,,
"Asola Mendha Tank (India)","Asola Mendha Tank",1278265,,
"Assam (India)","Assam",1278253,"Assam (India)","n79090160"
"Astrakhanʹ (Russia)","Astrakhan",580497,"Astrakhanʹ (Russia)","n82115502"
"Aswān (Egypt)","Aswan",359792,"Aswān (Egypt)","n82145481"
"Atherton (Calif.)","Atherton",5325147,"Atherton (Calif.)","n79063005"
"Atlanta (Ga.)","Atlanta",4180439,"Atlanta (Ga.)","n79023214"
"Atlantic Ocean","Atlantic Ocean",3373405,"Atlantic Ocean","sh85009201"
"Ātmakūr (India)","Ātmakūr",1278202,,
"Attur (India)","Attur",1278173,,
"Aube (France)","Aube",3036420,"Aube (France)","n50053186"
"Aude (France : Department)","Aude",3036264,"Aude (France : Department)","n81007353"
"Aurangābād (Maharashtra, India : District)","Aurangabad District",1278151,"Aurangābād (Maharashtra, India : District)","n84163901"
"Austin (Tex.)","Austin",4671654,"Austin (Tex.)","n79007290"
"Australia","Australia",2077456,"Australia","n79021326"
"Auvergne (France)","Auvergne",3035876,"Auvergne (France)","n81019993"
"Aveyron (France)","Aveyron",3035691,"Aveyron (France)","n50070909"
"Azerbaijan","Azerbaijan",587116,"Azerbaijan","n92000010"
"Bāba Bakāla (India)","Bāba Bakāla",1278077,,
"Babra (India : Taluka)","Bābra",1278054,"Babra (India : Taluka)","n2006206373"
"Bacolod (Philippines)","Bacolod",1729564,"Bacolod (Philippines)","n83044641"
"Bāda (India)","Bāda",7746355,,
"Badakhshān (Afghanistan)","Badakhshān",1147745,"Badakhshān (Afghanistan)","n83206283"
"Badarīnāth (India)","Badarīnāth",1278010,"Badarīnāth (India)","n82151441"
"Bādghīs (Afghanistan)","Bādghīs",1147707,"Bādghīs (Afghanistan)","n85281890"
"Badgom (India)","Badgom",1277997,,
"Bagaha (India : Division)","Bagaha",1277940,"Bagaha (India : Division)","n89263784"
"Bagh (India)","Bāgh",1277905,"Bagh (India)","n93035901"
"Baghlān (Afghanistan : Province)","Wilāyat-e Baghlān",114753,"Baghlān (Afghanistan : Province)","n86066472"
"Baghlān (Afghanistan)","Wilāyat-e Baghlān",1147537,"Baghlān (Afghanistan)","n2010053592"
"Bāgūr (India)","Bāgūr",1277842,,
"Bahamas","Bahamas",3572887,"Bahamas","n79081362"
"Bāhudānadī River","Bāhudānadī River",1277791,,
"Bajaura (India)","Bajaura",1277724,,
"Bājengdoba (India)","Bājengdoba",1277721,,
"Baku (Azerbaijan)","Baku",587084,"Baku (Azerbaijan)","n79110308"
"Bālāghāt (India : District)","Bālāghāt",1277662,"Bālāghāt (India : District)","n83020430"
"Balarāmpur (India)","Balarāmpur",1277634,,
"Balasore (India : District)","Bāleshwar",1277600,"Balasore (India : District)","n88147464"
"Bāligurha (India)","Bāligurha",1277576,,
"Balkh (Afghanistan : Province)","Balkh",1147288,"Balkh (Afghanistan : Province)","n98034057"
"Balkh (Afghanistan)","Balkh",1147290,"Balkh (Afghanistan)","n83005425"
"Balkonda (India)","Bālkonda",1277560,"Balkonda (India)","n89280166"
"Bally (India)","Bāli",1277539,"Bally (India)","n84025845"
"Baltic Sea","Baltic Sea",2633321,"Baltic Sea","sh85011368"
"Baltimore (Md.)","Baltimore",4347778,"Baltimore (Md.)","n79006530"
"Bamako (Mali)","Bamako",2460596,"Bamako (Mali)","n50077818"
"Bāmīān (Afghanistan : Province)","Wilāyat-e Bāmyān",1147239,"Bāmīān (Afghanistan : Province)","n86066473"
"Bāndi Nadī","Bāndi Nadī",1277360,,
"Bandung (Indonesia)","Bandung",1650357,"Bandung (Indonesia)","n79121683"
"Bangalore (India) ","Bangalore",1277333,"Bangalore (India) ","n79127101"
"Bangkok (Thailand)","Bangkok",1609350,"Bangkok (Thailand)","n79065460"
"Bangladesh","Bangladesh",1210997,"Bangladesh","n81063207"
"Banjul (Gambia)","Banjul",2413876,"Banjul (Gambia)","n80117263"
"Bānki (India)","Bānki",1277273,,
"Bānkurā (India : District)","Bānkurā",1277265,"Bānkurā (India : District)","n82109041"
"Bānsgaon (India)","Bānsgaon",1277235,,
"Bānswāra (India : District)","Bānswāra",1277215,"Bānswāra (India : District)","n84018079"
"Bāra Banki (India : District)","Bāra Banki",1277159,"Bāra Banki (India : District)","n79126738"
"Barādi Māta Creek","Barādi Māta Creek",1277140,,
"Barāk River (India)","Barāk River",1277099,,
"Bāramūla (India : District)","Bāramūla",1277086,"Bāramūla (India : District)","n82166786"
"Barāra (India)","Barāra",6993128,,
"Bareilly (India : District)","Bareilly",1277014,"Bareilly (India : District)","n87853333"
"Barharwa (India)","Barharwā",1276961,"Barharwa (India)","no2002076423"
"Barjala (India)","Barjala",1276938,,
"Bārmer (India : District)","Bārmer",1276902,"Bārmer (India : District)","n89291246"
"Bārna Nadi","Bārna Nadi",8457418,,
"Barsi (India)","Barsi",1441502,,
"Bas-Rhin (France)","Bas-Rhin",3034720,"Bas-Rhin (France)","n81126018"
"Basse-Normandie (France)","Basse-Normandie",3034693,"Basse-Normandie (France)","n80104479"
"Bassi (Rajasthan, India)","Bassi",1276744,,
"Basta (India)","Basta",1276742,,
"Bastar (India : District)","Bastar",1276739,"Bastar (India : District)","n83313074"
"Baswa (India)","Baswa",1276724,,
"Bavarwala Nār","Bavarwala Nār",1276671,,
"Beās River (India)","Beās River",1276635,"Beās River (India)","sh94001828"
"Beās River Watershed (India)",,,,
"Bedi Bundar Creek","Bedi Bundar Creek",1276626,,
"Bedti River (India)","Bedti River",1276622,,
"Behari Khāl","Behari Khāl",1276603,,
"Beijing (China)","Beijing",1816670,"Beijing (China)","n79076155"
"Belfort (France : Territory)","Belfort",3033789,"Belfort (France : Territory)","n81007926"
"Belize","Belize",3582678,"Belize","n79126944"
"Bellary (India : District)","Bellary",1276510,"Bellary (India : District)","n82027809"
"Belmont (Calif.)","Belmont",5327455,"Belmont (Calif.)","n81081055"
"Belonia (India)","Belonia",1276502,,
"Belvedere (Calif.)","Belvedere",5327490,"Belvedere (Calif.)","n81081054"
"Benicia (Calif.)","Benicia",5327550,"Benicia (Calif.)","n79064893"
"Beohāri (India)","Beohāri",1276455,,
"Berkeley (Calif.)","Berkeley",5327684,"Berkeley (Calif.)","n79046046"
"Berubāri (India)","Berubāri",1276427,,
"Bettiah (India)","Bettiah",1276393,"Bettiah (India)","n89166220"
"Betūl (India : District)","Betūl",1276391,"Betūl (India : District)","n89105127"
"Betwa River (India)","Betwa River",1276386,"Betwa River (India)","sh90000804"
"Bhādar River (India)","Bhādar River",1276360,,
"Bhāgalpur (India : District)","Bhāgalpur",1276301,"Bhāgalpur (India : District)","n81108245"
"Bhāgīrathi River","Bhāgīrathi River",1276293,,
"Bhairamgarh (India)","Bhairamgarh",1276258,,
"Bhākra Dam","Bhākra Dam",1276238,"Bhakra Dam (India)","sh99002611"
"Bhandāra (India : District)","Bhandāra",1276192,"Bhandāra (India : District)","n83020432"
"Bhandarej (India)","Bhandarej",1276188,,
"Bhānupratāppur (India)","Bhānupratāppur",1333553,,
"Bharūch (India : District)","Bharūch",1276101,"Bharūch (India : District)","n83312388"
"Bhattu Khurd (India)","Bhattu Khurd",1276053,,
"Bhāvnagar (India : District)","Bhāvnagar",1276033,"Bhāvnagar (India : District)","n80160689"
"Bhayandar (India)","Bhayandar",1276014,,
"Bhīlwāra (India : District)","Bhīlwāra",1275961,"Bhīlwāra (India : District)","n89284170"
"Bhiwandi (India)","Bhiwandi",1275901,"Bhiwandi (India)","n85044956"
"Bhiwani (India : District)","Bhiwani",1275900,"Bhiwani (India : District)","n87914770"
"Bhogāva River","Bhogāva River",1275888,,
"Bhojpur (Madhya Pradesh, India)","Bhojpur",8432808,"Bhojpur (Madhya Pradesh, India)","n89204440"
"Bhokar (India)","Bhokar",1275864,,
"Bhopal (India : District)","Bhopāl",1275842,"Bhopal (India : District)","n89146080"
"Bhopālgarh (India)","Bhopālgarh",1276905,,
"Bhubaneswar (India)","Bhubaneshwar",1275817,"Bhubaneswar (India)","n80025998"
"Bhugai River","Bhugai River",1208797,,
"Bhuj (India)","Bhuj",1275812,"Bhuj (India)","n82251410"
"Bhūkhi-Bhādar River","Bhūkhi-Bhādar River",1275806,,
"Bhusāwal (India)","Bhusāwal",1275778,,
"Bhutan","Bhutan",1252634,"Bhutan","n79149023"
"Bideipur (India)","Bideipur",1275734,,
"Bihar (India)","Bihār",1275715,"Bihar (India)","n79077375"
"Bījāpur (Chhattīsgarh, India)","Bījāpur",1275700,,
"Bīkāner (India : District)","Bīkāner",1275666,"Bīkāner (India : District)","n89250061"
"Bilāspur (Chhattīsgarh, India : District)","Bilāspur",1275639,"Bilāspur (Chhattīsgarh, India : District)","n2010013207"
"Bilaspur (Princely State)","Bilāspur",1275638,"Bilaspur (Princely State)","no2005002864"
"Bina (India)","Bīna",6990539,"Bina (India)","no2003014476"
"Binnāguri (India)","Binnāguri",1275549,,
"Birmitrapur (India)","Birmitrapur",1275506,,
"Birpara (India)","Birpara",7284803,,
"Black Sea","Black Sea",630673,"Black Sea","sh85014616"
"Bodhan (Andhra Pradesh, India)","Bodhan",1275391,,
"Boglia River","Boglia River",1275381,,
"Boinu River (India)","Boinu River",1275371,,
"Bokaro (India : District)","Bokāro",7701427,"Bokaro (India : District)","n2009200258"
"Bomdila (India)","Bomdila",1275334,"Bomdila (India)","n89273930"
"Bor River (India)","Bor River",1275231,,
"Borāwar (India)","Borāwar",1275302,,
"Bori River","Bori River",1275250,,
"Boston (Mass.)","Boston",4930956,"Boston (Mass.)","n79045553"
"Both (India)","Both",1275216,"Both (India)","n82133366"
"Botswana","Botswana",933860,"Botswana","n79079238."
"Bouches-du-Rhône (France)","Bouches-du-Rhône",3031359,"Bouches-du-Rhône (France)","n50051603"
"Brahmani River (Orissa, India)","Brāhmani River",1275204,"Brahmani River (Orissa, India)","sh89005278"
"Brahmani River Watershed (India)",,,,
"Brahmapur (India)","Brahmapur",1275198,"Brahmapur (India)","n82162996"
"Brahmaputra River","Brahmaputra River",1208092,"Brahmaputra River","sh85016307"
"Brahmaputra River Watershed",,,,
"Brazil","Brazil",3469034,"Brazil","n79128015"
"Brentwood (Calif.)","Brentwood",5330642,"Brentwood (Calif.)","n78030109"
"Brisbane (Calif.)","Brisbane",5330810,"Brisbane (Calif.)","n78087929"
"Brittany (France)","Brittany",3030293,"Brittany (France)","n81011160"
"Budapest (Hungary)","Budapest",3054643,"Budapest (Hungary)","n79091691"
"Buenos Aires (Argentina)","Buenos Aires",3435910,"Buenos Aires (Argentina)","n79079054"
"Bundi (India : District)","Būndi",1275104,"Bundi (India : District)","no2004086752"
"Burgundy (France)","Burgundy",3030967,"Burgundy (France)","n79091183"
"Burlingame (Calif.)","Burlingame",5331920,"Burlingame (Calif.)","n81081056"
"Cabo San Lucas (Baja California Sur, Mexico)","Cabo San Lucas",3985710,"Cabo San Lucas (Baja California Sur, Mexico)","n84073229"
"Cairo (Egypt)","Cairo",360630,"Cairo (Egypt)","n79055723"
"Calangute (India)","Calangute",1273858,,
"California","California",3687919,"California","n79041717"
"California, Gulf of (Mexico)","Gulf of California",4016118,"California, Gulf of (Mexico)","sh85018896"
"California, Northern",,,,
"Calistoga (Calif.)","Calistoga",5332937,"Calistoga (Calif.)","n82032028"
"Calvados (France)","Calvados",3029094,"Calvados (France)","n50052877"
"Campbell (Calif.)","Campbell",5333689,"Campbell (Calif.)","n81108743"
"Canada","Canada",6251999,"Canada","n79007233"
"Cannanore (India : District)","Cannanore",1274988,"Cannanore (India : District)","n82103542"
"Cantal (France)","Cantal",3028791,"Cantal (France)","n82161783"
"Car Nicobar Island (India)","Car Nicobar Island",1274969,"Car Nicobar Island (India)","sh96008264"
"Caracas (Venezuela)","Caracas",3646738,"Caracas (Venezuela)","n79097478"
"Carmel Canyon (Calif.)","Carmel Canyon",5334270,,
"Casablanca (Morocco)","Casablanca",25533604,"Casablanca (Morocco)","n80131711"
"Castellón (Spain : Province)","Castellón",3125881,"Castellón (Spain : Province)","n80132333"
"Cauvery River (India)","Kāveri River",1267384,"Cauvery River (India)","sh85021473"
"Cauvery River Watershed (India)",,,,
"Cebu City (Philippines)","Cebu City",1717512,"Cebu City (Philippines)","n82242501"
"Centre (France)","Centre",3027939,"Centre (France)","n81048085"
"Ch'ŏnan-si (Korea)","Cheonan",1845759,"Ch'ŏnan-si (Korea)","n85137300"
"Chakra Nadī","Chakra Nadī",1274888,,
"Chambal River (India)","Chambal River",1274846,"Chambal River (India)","sh85022419"
"Chambal River Watershed (India)",,,,
"Champagne-Ardenne (France)","Champagne-Ardenne",3027257,"Champagne-Ardenne (France)","n82000455"
"Chandīgarh (India : Union Territory)","Chandīgarh",1274744,"Chandīgarh (India : Union Territory)","n81109268"
"Chandīgarh (India)","Chandīgarh",9747956,"Chandīgarh (India)","n80152930"
"Chandni Chowk (Delhi, India)","Chandni Chowk",6619404,"Chandni Chowk (Delhi, India)","no2004006256"
"Chandragiri River","Chandragiri River",1274704,,
"Changzhi Shi (China)","Changzhi Shi",1808956,"Changzhi Shi (China)","n88137468"
"Charente (France)","Charente",3026646,"Charente (France)","n81032653"
"Charente-Maritime (France)","Charente-Maritime",3026644,"Charente-Maritime (France)","n80125733"
"Chargaon (India)","Chārgaon",1274582,,
"Charlotte (N.C.)","Charlotte",4460243,"Charlotte (N.C.)","n79022863"
"Chautang Nadī (India)","Chautang Nadī",1274473,,
"Chavara (India)","Chavara",1274466,,
"Chenāb River (India and Pakistan)","Chenāb River",1115005,"Chenāb River (India and Pakistan)","sh2002005758"
"Chennai (India : District)","Chennai",7646145,"Chennai (India : District)","n2012073877"
"Cher (France)","Cher",3025480,"Cher (France)","n82073041"
"Cheyyur (India)","Cheyyur",1274383,,
"Chhapra (India)","Chhapra",1274353,,
"Chhatar Nār","Chhatar Nār",1430581,,
"Chhatarpur","Chhatarpur",1274339,,
"Chhattīsgarh (India)","Chhattisgarh",1444364,"Chhattīsgarh (India)","n84025797"
"Chicago (Ill.)","Chicago",4887398,"Chicago (Ill.)","n78086438"
"Chihuahua (Chihuahua, Mexico)","Chihuahua",4014338,"Chihuahua (Chihuahua, Mexico)","n83007435"
"China","China",1814991,"China","n79091151"
"Chinju-si (Korea)","Chinju",1846052,"Chinju-si (Korea)","n82018635"
"Chinnūr (India)","Chinnūr",1274142,,
"Chitarpur (India)","Chitarpur",1274073,,
"Chitrakot (India)","Chitrakot",1274054,,
"Chittaurgarh (India)","Chittorgarh",1274041,"Chittaurgarh (India)","n82007235"
"Chittur (India)","Chittūr",1274032,"Chittur (India)","n88292165"
"Chongqing (China)","Chongqing",1814905,"Chongqing (China)","n81082039"
"Chulband River (India)","Chūlband River",1273939,,
"Churu (India)","Chūru",1273894,"Churu (India)","n82143148"
"Cincinnati (Ohio)","Cincinnati",4508722,"Cincinnati (Ohio)","n79053745"
"Ciudad Juárez (Mexico)","Ciudad Juárez",4013708,"Ciudad Juarez (Mexico)","n82000742"
"Clayton (Calif.)","Clayton",5337841,"Clayton (Calif.)","n81081210"
"Clipperton Island","Clipperton Island",4020092,"Clipperton Island","sh90000274"
"Cloverdale (Calif.)","Cloverdale",5338104,"Cloverdale (Calif.)","n83220611"
"Cochin (India) ","Kochi",1273874,"Cochin (India) ","n80152910"
"Coimbatore (India : District)","Coimbatore",1273866,"Coimbatore (India : District)","n82241163"
"Coimbatore (India)","Coimbatore",1273865,"Coimbatore (India)","n80124942"
"Colma (Calif.)","Colma",5338703,"Colma (Calif.)","n83226129"
"Colorado","Colorado",5417618,"Colorado","n80125532"
"Columbus (Ohio)","Columbus",4509177,"Columbus (Ohio)","n79049218"
"Concord (Calif.)","Concord",5339111,"Concord (Calif.)","n80038253"
"Connecticut","Connecticut",4831725,"Connecticut","n79074102"
"Contra Costa County (Calif.)","Contra Costa County",5339268,"Contra Costa County (Calif.)","n79096739"
"Corrèze (France : Department)","Corrèze",3023532,"Corrèze (France : Department)","n79074345"
"Corse-du-Sud (France)","Corse-du-Sud",3023514,"Corse-du-Sud (France)","n81075890"
"Corsica (France)","Corsica",3023519,"Corsica (France)","n81070647"
"Corte Madera (Calif.)","Corte Madera",5339766,"Corte Madera (Calif.)","n81081212"
"Cotati (Calif.)","Cotati",5339865,"Cotati (Calif.)","n81071619"
"Côte-d'Or (France)","Côte-d'Or",3023423,"Côte-d'Or (France)","n50026413"
"Côtes-d'Armor (France)","Côtes-d'Armor",3023414,"Côtes-d'Armor (France)","nr91026804"
"Creuse (France)","Creuse",3022516,"Creuse (France)","n82158276"
"Cuba","Cuba",3562981,"Cuba","n79079435"
"Cupertino (Calif.)","Cupertino",5341145,"Cupertino (Calif.)","n81108742"
"Curtorim (India)","Curtorim",1273783,,
"Cuttack (India : District)","Cuttack",1273781,"Cuttack (India : District)","n84025790"
"Dabhel (India)","Dabhel",1273770,,
"Dādra (India)","Dādra",1273727,,
"Dādra and Nagar Haveli (India)","Dādra and Nagar Haveli",1273726,"Dādra and Nagar Haveli (India)","n81033273"
"Dalhousie (India)","Dalhousie",1273648,"Dalhousie (India)","n79126622"
"Dallas (Tex.)","Dallas",4684888,"Dallas (Tex.)","n79023321"
"Daly City (Calif.)","Daly City",5341430,"Daly City (Calif.)","n85387398"
"Daman and Diu (India)","Damān and Diu",1271155,"Daman and Diu (India)","n89102023"
"Damodar River (India)","Dāmodar River",1273590,"Damodar River (India)","sh97006046"
"Danville (Calif.)","Danville",5341531,"Danville (Calif.)","n79117228"
"Darbhanga (India : District)","Darbhanga",1273492,"Darbhanga (India : District)","n88123873"
"Daria (India)","Daria",1273477,,
"Darjeeling (India : District)","Darjeeling",1273468,"Darjeeling (India : District)","n85044864"
"Dāspur (India)","Dāspur",1273413,,
"Dāykundī (Afghanistan : Province)","Dāykundī",7732654,"Dāykundī (Afghanistan : Province)","n2012063675"
"Debagrām (India)","Debagrām",1273353,,
"Dehra Dūn (India : District)","Dehradun",1273313,"Dehra Dūn (India : District)","n82221738"
"Delaware","Delaware",4142224,"Delaware","n79041720"
"Delhi (India : Union Territory)","National Capital Territory of Delhi",1273293,"Delhi (India : Union Territory)","n50061139"
"Denver (Colo.)","Denver",5419384,"Denver (Colo.)","n79055157"
"Deoband (India)","Deoband",1273265,"Deoband (India)","n81110556"
"Deoghar (India)","Deoghar",1273241,"Deoghar (India)","n82246450"
"Derā Nānak (India)","Derā Nānak",1273173,,
"Detroit (Mich.)","Detroit",4990729,"Detroit (Mich.)","n79045539"
"Deux-Sèvres (France)","Deux-Sèvres",3021501,"Deux-Sèvres (France)","n80050160"
"Dewās (India : District)","Dewas",1273067,"Dewās (India : District)","n79120088"
"Dhaka (Bangladesh)","Dhaka",1185241,"Dhaka (Bangladesh)","n81019948"
"Dhalai (India)","Dhalai",1273038,,
"Dhānbād (India : District)","Dhanbād",1272980,"Dhānbād (India : District)","n83167710"
"Dhanwār (India)","Dhanwār",1272902,,
"Dharmanagar (India)","Dharmanagar",1272852,,
"Dhārwār (India : District)","Dharwad",1272797,"Dhārwār (India : District)","n81124988"
"Dhaulīganga River","Dhaulīganga River",1252648,,
"Dhaulpur (India)","Dhaulpur",1272805,,
"Dhebar Lake","Dhebar Lake",1272792,,
"Dhone (India)","Dhone",1272722,,
"Dhulkot (India)","Dhulkot",1272687,,
"Dibrugarh (India : District)","Dibrugarh",1272649,"Dibrugarh (India : District)","n83060442"
"Dichpalli (India)","Dichpalli",1272645,,
"Diglipur (India)","Diglipur",1272607,"Diglipur (India)","n2006215488"
"Dimāpur (India)","Dimāpur",1272552,"Dimāpur (India)","n80121719"
"Diphu (India)","Diphu",1272525,"Diphu (India)","n89284303"
"Dīsa (India)","Dīsa",1272513,"Dīsa (India)","n86053318"
"Dixon (Calif.)","Dixon",5343303,"Dixon (Calif.)","n81108759"
"Doda District (India)","Doda",1272476,"Doda District (India)","n81009045"
"Domchānch (India)","Domchānch",1272421,,
"Dominican Republic","Dominican Republic",3508796,"Dominican Republic","n79094586"
"Dordogne (France)","Dordogne",3021042,"Dordogne (France)","n50066569"
"Doubs (France)","Doubs",3020989,"Doubs (France)","n93053168"
"Drôme (France)","Drôme",3020781,"Drôme (France)","n81022472"
"Dublin (Calif.)","Dublin",5344157,"Dublin (Calif.)","n81081213"
"Duimukh (India)","Duimukh",1272273,,
"Dum Dum (India)","Dam Dam",1272243,"Dum Dum (India)","no2002071243"
"Durg (India)","Durg",1272181,"Durg (India)","n85019859"
"Dwārka (India)","Dwārka",1272140,"Dwārka (India)","n81131909"
"Earth (Planet)","Earth",6295630,"Earth (Planet)","sh85040427"
"East Palo Alto (Calif.)","East Palo Alto",5345032,"East Palo Alto (Calif.)","n85186120"
"Egypt","Egypt",357994,"Egypt","n80061791"
"El Cerrito (Calif.)","El Cerrito",5345623,"El Cerrito (Calif.)","n81083003"
"El Paso (Tex.)","El Paso",5520993,"El Paso (Tex.)","n79121678"
"Elkhorn Slough (Calif.)","Elkhorn Slough",5346182,"Elkhorn Slough (Calif.)","sh89005114"
"Emeryville (Calif.)","Emeryville",5346462,"Emeryville (Calif.)","n81081214"
"Ensenada (Baja California, Mexico)","Ensenada",4006702,"Ensenada (Baja California, Mexico)","n81134884"
"Erāi River (India)","Erāi River",1272028,,
"Eraniel (India)","Eraniel",1272023,,
"Ernakulam (India : District)","Ernākulam",1272019,"Ernakulam (India : District)","n81002600"
"Essonne (France)","Essonne",3019599,"Essonne (France)","n81045417"
"Etāwah (India : District)","Etāwah",1271989,"Etāwah (India : District)","no2005017034"
"Eure (France)","Eure",3019317,"Eure (France)","n50060357"
"Eure-et-Loir (France)","Eure-et-Loir",3019316,"Eure-et-Loir (France)","n80159172"
"Europe","Europe",6255148,"Europe","sh85045631"
"Fairfax (Calif.)","Fairfax",5347322,"Fairfax (Calif.)","n81081215"
"Fairfield (Calif.)","Fairfield",5347335,"Fairfield (Calif.)","n81108760"
"Farāh (Afghanistan : Province)","Farāh",1142263,"Farāh (Afghanistan : Province)","n86066474"
"Farīdābād (India)","Farīdābād",1271951,"Farīdābād (India)","n80141038"
"Fāryāb (Afghanistan)","Faryab",1142226,"Fāryāb (Afghanistan)","n86066475"
"Fatehgarh (India)","Fatehgarh",1271924,,
"Fatehpura (India)","Fatehpura",1271904,,
"Finistère (France)","Finistère",3018471,"Finistère (France)","n50029298"
"Firozabad (India)","Firozabad",7874389,"Firozabad (India)","n88176800"
"Florida","Florida",4155751,"Florida","n79053995"
"Fort Worth (Tex.)","Fort Worth",4691930,"Fort Worth (Tex.)","n79027008"
"Foster City (Calif.)","Foster City",5350159,"Foster City (Calif.)","n81081217"
"France","France",3017382,"France","n79006404"
"Franche-Comté (France)","Franche-Comté",3017372,"Franche-Comté (France)","n80152341"
"Fremont (Calif.)","Fremont",5350734,"Fremont (Calif.)","n81081218"
"French Guiana","French Guiana",3381670,"French Guiana","n79128019"
"French Polynesia","French Polynesia",4030656,"French Polynesia","n50064529"
"Fresno (Calif.)","Fresno",5350937,"Fresno (Calif.)","n80002531"
"Fujian Sheng (China)","Fujian Sheng",1811017,"Fujian Sheng (China)","n80113116"
"Fukuoka-ken (Japan)","Fukuoka",1863967,"Fukuoka-ken (Japan)","n80022934"
"Gahmar","Gahmar",1271809,,
"Gambhir River (India)","Utangan River",1253653,"Gambhir River (India)","sh89006018"
"Gandak River (Nepal and India)","Gandaki River",1271732,"Gandak River (Nepal and India)","sh00000319"
"Gāndhīdhām (India)","Gāndhīdhām",1271717,,
"Gāndhīnagar (India : District)","Gandhinagar",1271716,"Gāndhīnagar (India : District)","n2012201973"
"Ganespur (India)","Ganespur",1348903,,
"Ganges River (India and Bangladesh)","Ganges River",1202950,"Ganges River (India and Bangladesh)","sh85053016"
"Gangotri (India)","Gangotri",1271641,"Gangotri (India)","n82049690"
"Gangtok (India)","Gangtok",1271631,"Gangtok (India)","n83023945"
"Gansu Sheng (China)","Gansu Sheng",1810676,"Gansu Sheng (China)","n81022588"
"Garaimāri (India)","Garaimāri",8439917,,
"Gard (France)","Gard",3016670,"Gard (France)","n50054371"
"Gauhati (India)","Guwāhāti",1271476,"Gauhati (India)","n50051193"
"Gaur Nadī","Gaur Nadī",1271452,,
"Georgia","Georgia",4197000,"Georgia","n79023113"
"Georgia (Republic)","Georgia",614540,"Georgia (Republic)","n81055241"
"Gers (France)","Gers",3016194,"Gers (France)","n81007173"
"Geyserville (Calif.)","Geyserville",5352059,"Geyserville (Calif.)","n2003122520"
"Ghaghar Reservoir (India)","Ghaghar Reservoir",1271402,,
"Ghaziabad (India : District)","Ghāziābād",1271310,"Ghaziabad (India : District)","n97922485"
"Ghaznī (Afghanistan : Province)","Wilāyat-e Ghaznī",1141268,"Ghaznī (Afghanistan : Province)","n96087882"
"Ghowr (Afghanistan)","Ghowr",1141103,"Ghowr (Afghanistan)","n86066476"
"Gilgit River","Gilgit River",1178335,,
"Gilroy (Calif.)","Gilroy",5352214,"Gilroy (Calif.)","n81108767"
"Girnā River","Girnā River",1271166,,
"Gironde (France)","Gironde",3015948,"Gironde (France)","n80109290"
"Goa (India : State)","Goa",1271157,"Goa (India : State)","n89102022"
"Godāvari River (India)","Godāvari River",1271115,"Godāvari River (India)","sh85055590"
"Godhra (India)","Godhra",7627227,"Godhra (India)","no2002060796"
"Golāghāt (India : District)","Golaghat",7627079,"Golāghāt (India : District)","n2010208245"
"Gopālganj (India)","Gopālganj",1270967,,
"Gorakhpur (India : District)","Gorakhpur",1270930,"Gorakhpur (India : District)","n83206269"
"Goregaon (India)","Goregaon",1270913,,
"Gorīganga River (India)","Gorīganga River",1270905,"Gorīganga River (India)","sh2001004170"
"Greenland","Greenland",3425505,"Greenland","n79059221"
"Guadalajara (Mexico)","Guadalajara",4005539,"Guadalajara (Mexico)","n79112329"
"Guadeloupe (Region)","Guadeloupe",6690363,"Guadeloupe (Region)","n83236501"
"Guam","Guam",4043988,"Guam","n50000810"
"Guangdong Sheng (China)","Guangdong Sheng",1809935,"Guangdong Sheng (China)","n81018335"
"Guangxi Zhuangzu Zizhiqu (China)","Guangxi Zhuangzu Zizhiqu",1809867,"Guangxi Zhuangzu Zizhiqu (China)","n80138721"
"Guangzhou (China)","Guangzhou",1809858,"Guangzhou (China)","n79117229"
"Guarujá (São Paulo, Brazil)","Guarujá",3461789,"Guarujá (São Paulo, Brazil)","n82131919"
"Guatemala (Guatemala)","Guatemala City",3598132,"Guatemala (Guatemala)","n81019995"
"Guizhou Sheng (China)","Guizhou Sheng",1809445,"Guizhou Sheng (China)","n81026035"
"Gujarat (India)","Gujarāt",1270770,"Gujarat (India)","n81063244"
"Gulmarg (India)","Gulmarg",1270473,"Gulmarg (India)","no2013119485"
"Guntūr (India : District)","Guntūr",1270669,"Guntūr (India : District)","n83014088"
"Gurdāspur (India : District)","Gurdaspur",1270648,"Gurdāspur (India : District)","n84065655"
"Gurgān (Gulistān, Iran)","Gorgān",132892,"Gurgān (Gulistān, Iran)","nr98000765"
"Guru Har Sahāi (India)","Guru Har Sahāi",1270612,,
"Gutur River","Gutur River",1270590,,
"Guyana","Guyana",3378535,"Guyana","n80061018"
"Gwalior (India : District)","Gwalior",1270585,"Gwalior (India : District)","n81136401"
"Hainan Sheng (China)","Hainan Sheng",1809054,"Hainan Sheng (China)","n88080551"
"Haiti","Haiti",3723988,"Haiti","n79053108"
"Haldwani (India)","Haldwani",1270498,"Haldwani (India)","no99057481"
"Half Moon Bay (Calif.)","Half Moon Bay",5354943,"Half Moon Bay (Calif.)","n80043351"
"Hansi (India)","Hānsi",1270417,"Hansi (India)","no2003015137"
"Hapur (India)","Hāpur",1270393,"Hapur (India)","n89261217"
"Harare (Zimbabwe)","Harare",890299,"Harare (Zimbabwe)","n83024955"
"Haridwār (India)","Haridwar",1270351,"Haridwār (India)","n88080888"
"Haryana (India)","Haryāna",1270260,"Haryana (India)","n80090473"
"Hasdo River","Hasdo River",1270246,,
"Hatni River","Hatni River",1270195,,
"Haut-Rhin (France)","Haut-Rhin",3013663,"Haut-Rhin (France)","n80013632"
"Haute-Corse (France)","Haute-Corse",3013793,"Haute-Corse (France)","n81075860"
"Haute-Garonne (France)","Haute-Garonne",3013767,"Haute-Garonne (France)","n80009763"
"Haute-Loire (France)","Haute-Loire",3013760,"Haute-Loire (France)","n82052562"
"Haute-Marne (France)","Haute-Marne",3013757,"Haute-Marne (France)","n80067504"
"Haute-Normandie (France)","Haute-Normandie",3013756,"Haute-Normandie (France)","n79091689"
"Haute-Saône (France)","Haute-Saône",3013737,"Haute-Saône (France)","n81002724"
"Haute-Savoie (France)","Haute-Savoie",3013736,"Haute-Savoie (France)","n80149001"
"Haute-Vienne (France)","Haute-Vienne",3013719,"Haute-Vienne (France)","n81136712"
"Hautes-Alpes (France)","Hautes-Alpes",3013738,"Hautes-Alpes (France)","n81022471"
"Hautes-Pyrénées (France)","Hautes-Pyrénées",3013726,"Hautes-Pyrénées (France)","n81139336"
"Hauts-de-Seine (France)","Hauts-de-Seine",3013657,"Hauts-de-Seine (France)","n82053193"
"Haveli (India)","Haveli",1430013,,
"Hawa Mahal","Hawa Mahal",7303256,,
"Hawaii","Hawaii",5855797,"Hawaii","n80061028"
"Hayward (Calif.)","Hayward",5355933,"Hayward (Calif.)","n81081220"
"Hazārībāg (India : District)","Hazārībāg",1270165,"Hazārībāg (India : District)","n83030711"
"Healdsburg (Calif.)","Healdsburg",5356012,"Healdsburg (Calif.)","n82005980"
"Hebei Sheng (China)","Hebei Sheng",1808773,"Hebei Sheng (China)","n81108669"
"Heilongjiang Sheng (China)","Heilongjiang Sheng",2036965,"Heilongjiang Sheng (China)","n81071016"
"Helmand (Afghanistan)","Helmand",1140043,"Helmand (Afghanistan)","n86066478"
"Henan Sheng (China)","Henan Sheng",1808520,"Henan Sheng (China)","n2010042254"
"Herāt (Afghanistan : Province)","Herāt ",1140025,"Herāt (Afghanistan : Province)","n86066479"
"Herat (Afghanistan)","Herāt ",9166336,"Herat (Afghanistan)","n81108322"
"Hérault (France)","Hérault",3013500,"Hérault (France)","n80125708"
"Hercules (Calif.)","Hercules",5356451,"Hercules (Calif.)","n81081580"
"Hillsborough (Calif.)","Hillsborough",5357155,"Hillsborough (Calif.)","n81081117"
"Himachal Pradesh (India)","Himachal Pradesh",1270101,"Himachal Pradesh (India)","n50055502"
"Hisar (India : District)","Hisar",1270023,"Hisar (India : District)","n87914772"
"Hivra (India)","Hivra",1270018,,
"Hivra River","Hivra River",1270017,,
"Ho Chi Minh City (Vietnam)","Ho Chi Minh City",1566083,"Ho Chi Minh City (Vietnam)","n82114726"
"Hong Kong (China)","Hong Kong",1819729,"Hong Kong (China)","n92004431"
"Hoshangābād (India)","Hoshangābād",1269940,"Hoshangābād (India)","n79109658"
"Hosur (India)","Hosūr ",1269934,"Hosur (India)","n89255864"
"Houston (Tex.)","Houston",4699066,"Houston (Tex.)","n79049234"
"Howrah (India : District)","Hāora",1270397,"Howrah (India : District)","n82028978"
"Hubei Sheng (China)","Hubei Sheng",1806949,"Hubei Sheng (China)","n81018205"
"Hubli (India) ","Hubli",1269920,"Hubli (India) ","n84217064"
"Hugli (India : District)","Hugli",1269911,"Hugli (India : District)","n84053130"
"Hunan Sheng (China)","Hunan Sheng",1806691,"Hunan Sheng (China)","n79064833"
"Hunsur (India : Taluk)","Hunsūr",1269873,"Hunsur (India : Taluk)","n89235920"
"Hyderabad (India : District)","Hyderābād",1269844,"Hyderabad (India : District)","n88123323"
"Ibadan (Nigeria)","Ibadan",2339354,"Ibadan (Nigeria)","n79061289"
"Ichchāpuram (India)","Ichchāpuram",1269827,,
"Idaho","Idaho",5596512,"Idaho","n81014565"
"Île-de-France (France)","Île-de-France",3012874,"Île-de-France (France)","n81043400"
"Ilhéus (Brazil)","Ilhéus",3461408,"Ilhéus (Brazil)","n82024358"
"Ille-et-Vilaine (France)","Ille-et-Vilaine",3012849,"Ille-et-Vilaine (France)","n81011158"
"Illinois","Illinois",4896861,"Illinois","n79053746"
"Imphāl (India)","Imphal",1269771,"Imphāl (India)","n78002738"
"Imphāl Turel (India)","Imphāl Turel",1269770,,
"India","India",1269750,"India","n80125948"
"Indian Ocean","Indian Ocean",1545739,"Indian Ocean","sh85064984"
"Indiana","Indiana",4921868,"Indiana","n79022925."
"Indira Point (India)","Indira Point",1259116,,
"Indore (India : District)","Indore",1269744,"Indore (India : District)","n89284547"
"Indravati River (India)","Indrāvati River",1269733,"Indravati River (India)","sh99014578"
"Indre (France : Department)","Indre",3012805,"Indre (France : Department)","n82073040"
"Indre-et-Loire (France)","Indre-et-Loire",3012804,"Indre-et-Loire (France)","n83214250"
"Indus River","Indus River",1115007,"Indus River","sh85065819"
"Inner Mongolia (China)","Inner Mongolia",2035607,"Inner Mongolia (China)","n81018477"
"Iowa","Iowa",4862182,"Iowa","n79081387"
"Ipoh (Perak, Malaysia)","Ipoh",1734634,"Ipoh (Perak, Malaysia)","n81013490"
"Isère (France)","Isère",3012715,"Isère (France)","n81022474"
"Israel","Israel",294640,"Israel","n79003285"
"Istanbul (Turkey)","Istanbul",745044,"Istanbul (Turkey)","n79034985"
"Itanagar (India)","Itānagar",1269655,"Itanagar (India)","n89262055"
"Jabalpur (India : District)","Jabalpur",1269634,"Jabalpur (India : District)","n88199874"
"Jacksonville (Fla.)","Jacksonville",4160021,"Jacksonville (Fla.)","n79058293"
"Jagādhri (India)","Jagādhri ",1269605,,
"Jagtiāl (India)","Jagtiāl",1269562,,
"Jaipur (India : District)","Jaipur",1269519,"Jaipur (India : District)","n2013018731"
"Jaipur (India)","Jaipur",1269515,"Jaipur (India)","n80019671"
"Jaisalmer (India : District)","Jaisalmer",1269508,"Jaisalmer (India : District)","n89223480"
"Jakhan (Uttarakhand : India)","Jakhan",1440741,,
"Jalālābād (Afghanistan)","Jalālābād",7053281,"Jalālābād (Afghanistan)","n85307660"
"Jālgaon (India : District)","Jālgaon",1269411,"Jālgaon (India : District)","n81108259"
"Jalna (India : District)","Jalna District",7626532,"Jalna (India : District)","n2008205828"
"Jalpaiguri (India : District)","Jalpāiguri",1269389,"Jalpaiguri (India : District)","n82103522"
"Jamaica","Jamaica",3489940,"Jamaica","n81008540"
"Jāmbuda (India)","Jāmbuda",1269358,,
"Jammu (India : District)","Jammu",1269322,"Jammu (India : District)","n88123005"
"Jammu and Kashmir (India)","Jammu and Kashmīr",1269320,"Jammu and Kashmir (India)","n79142931"
"Jāmnagar (India : District)","Jāmnagar",1269318,"Jāmnagar (India : District)","n2012201972"
"Jāmner (India)","Jāmner",1269315,,
"Jāmod (India)","Jāmod",1269308,"Jāmod (India)","n79082932"
"Jamshedpur (India)","Jamshedpur",1269300,"Jamshedpur (India)","n50077850"
"Jamuna Nadī","Jamuna Nadī",1269287,,
"Jamuniya (India)","Jamuniya",7005264,,
"Jangpura (India)","Jangpura",7732335,,
"Jāt (India)","Jāt",1269155,,
"Jaula (India)","Jaula",1269140,,
"Jawai River","Jawai River",1269122,,
"Jequié (Brazil)","Jequié",3459943,,
"Jhansi (India : District)","Jhānsi",1269006,"Jhansi (India : District)","n85072144"
"Jharkhand (India)","Jharkhand",1444365,"Jharkhand (India)","n2001020816"
"Jhelum River (India and Pakistan)","Jhelum River",1114957,"Jhelum River (India and Pakistan)","sh2002006260"
"Jhunjhunūn (India : District)","Jhunjhunūn",1268937,"Jhunjhunūn (India : District)","n89253500"
"Jiangsu Sheng (China)","Jiangsu Sheng",1806260,"Jiangsu Sheng (China)","n81022196"
"Jiangxi Sheng (China)","Jiangxi Sheng",1806222,"Jiangxi Sheng (China)","n79128971"
"Jilin Sheng (China)","Jilin Sheng",2036500,"Jilin Sheng (China)","n81019981"
"Jiri River","Jiri River",1268886,,
"Jodhpur (India : District)","Jodhpur",1268867,"Jodhpur (India : District)","n84039716"
"Johannesburg (South Africa)","Johannesburg",993800,"Johannesburg (South Africa)","n79104288"
"Jorhāt (India : District)","Jorhat",7627081,"Jorhāt (India : District)","n2009074590"
"Jowai (India)","Jowai",1268810,,
"Jowzjān (Afghanistan)","Jowzjān",1139049,"Jowzjān (Afghanistan)","n86066480"
"Jūnāgadh (India : District)","Jūnāgadh",1268774,"Jūnāgadh (India : District)","n89199656"
"Jura (France)","Jura",3012051,"Jura (France)","n81141839"
"Kabul (Afghanistan : Province)","Kabul",1138957,"Kabul (Afghanistan : Province)","n86066481"
"Kabul (Afghanistan)","Kabul",1138958,"Kabul (Afghanistan)","n80056678"
"Kachchh (India)","Kachchh",1268731,"Kachchh (India)","n84018121"
"Kadmat Island (India)","Kadmat Island",1268668,"Kadmat Island (India)","sh2010015536"
"Kakching (India)","Kakching",1268567,"Kakching (India)","n81000983"
"Kalghatgi (India)","Kalghatgi",1268434,,
"Kāli Nadi (India)","Kāli Nadi",1268400,,
"Kali River (India and Nepal)","Kāli River",1257201,"Kali River (India and Nepal)","sh88001062"
"Kalyāṇī (India)","Kalyani",1268293,"Kalyāṇī (India)","n89204461"
"Kalyanpur (India)","Kalyanpur",1268287,,
"Kampala (Uganda)","Kampala",232422,"Kampala (Uganda)","n80076329"
"Kandahar (Afghanistan)","Kandahar",1138336,"Kandahār (Afghanistan)","n83042981"
"Kandahar Airport (Afghanistan)","Kandahar Airport",1453901,,
"Kāngra (India : District)","Kāngra",1268085,"Kāngra (India : District)","n82090471"
"Kanhan River (India)","Kanhān River",1268073,,
"Kanniyākumāri (India : District)","Kanniyakumari",1268009,"Kanniyākumāri (India : District)","n81029759"
"Kanpur (India : District)","Kānpur",1267997,"Kanpur (India : District)","n85031192"
"Kānpur (India)","Kānpur",1267995,"Kānpur (India)","n81066200"
"Kansas","Kansas",4273857,"Kansas","n79007369"
"Kansas City (Mo.)","Kansas City",4393217,"Kansas City (Mo.)","n79045171"
"Kāpīsā (Afghanistan)","Kāpīsā",1138255,"Kāpīsā (Afghanistan)","n2005058615"
"Kapūrthala (India : District)","Kapūrthala",1267912,"Kapūrthala (India : District)","n81067771"
"Karaikal (India : District)","Kāraikāl",1267888,"Karaikal (India : District)","n2008207094"
"Kargil (India)","Kargil",1267776,"Kargil (India)","n78030890"
"Karma (India)","Karma",1267718,,
"Karnataka (India)","Karnātaka",1267701,"Karnataka (India)","n79125091"
"Karol Bāgh (India)","Karol Bāgh",1267696,,
"Kasauli (India)","Kasauli",1267605,"Kasauli (India)","nb2009031773"
"Kashipur (Bengal, India)","Kashipur",1267580,,
"Kathāni Nadī (India)","Kathāni Nadī",1267510,,
"Kedāranātha (India)","Kedārnāth",1267345,"Kedāranātha (India)","n88124052"
"Kentucky","Kentucky",6254925,"Kentucky","n79018583"
"Kenya","Kenya",192950,"Kenya","n80061011"
"Kerala (India)","Kerala",1267254,"Kerala (India)","n79055067"
"Khali Kachigam (India)","Khali Kachigam",1267116,"Khali Kachigam (India)",
"Khanapur (India)","Khānāpur",1445119,,
"Khandāri (India)","Khandāri",6992356,,
"Kharal (India)","Kharal",1266964,,
"Khārda (India)","Khārda",1267167,,
"Khardi Nadī","Khardi Nadī",1266942,,
"Khārod Nadi","Khārod Nadi",1266881,,
"Khārowāla Rann (India)","Khārowāla Rann",7746170,,
"Khatauli (India)","Khatauli",1266849,,
"Khejroli (India)","Khejroli",1266797,,
"Kherva (India)","Kherva",1266749,,
"Khilchipur (India)","Khilchipur",1266731,,
"Khonsa (India)","Khonsa",1266668,"Khonsa (India)","n2006206274"
"Khōst (Afghanistan : Province)","Khost Province ",9166448,,
"Khowai (India)","Khowai",1266649,,
"Khujji (India)","Khujji",1266633,,
"Kigali (Rwanda)","Kigali",202061,"Kigali (Rwanda)","n80162336"
"Kingston (Jamaica)","Kingston",3489854,"Kingston (Jamaica)","n79018833"
"Kodoli (India)","Kodoli",1266390,,
"Kohima (India)","Kohima",1266367,"Kohima (India)","n82053218"
"Kolab River (India)","Kolāb River",1266323,,
"Kolār Nadī","Kolār Nadī",1266299,,
"Kolār River","Kolār River",1266298,,
"Kolasib (India)","Kolasib",1266258,,
"Kolkata (India)","Kolkata",1275004,"Kolkata (India)","n2012073732"
"Konār Nadī","Konār Nadī",1266219,,
"Konta (India)","Konta",1266167,,
"Kota (India : District)","Kota",1266054,"Kota (India : District)","n83002221"
"Kotdwāra (India)","Kotdwāra",1266014,,
"Krishnapur (India)","Krishnapur",1348742,,
"Krishnāwati Nadī","Krishnāwati Nadī",1265850,,
"Kuala Lumpur (Malaysia)","Kuala Lumpur",1735161,"Kuala Lumpur (Malaysia)","n79011077"
"Kumbalangy (India)","Kumbalangy",7731699,,
"Kunar (Afghanistan : Province)","Kunar",1135702,"Kunar (Afghanistan : Province)","n89207637"
"Kunduz (Afghanistan)","Kunduz",1135690,"Kundūz (Afghanistan)","n87929913"
"Kunduz Airport (Afghanistan)","Kunduz Airport",6252369,,
"Kunduz Province (Afghanistan)","Kunduz Province",7729833,"Kunduz Province (Afghanistan)","n86066488"
"Kunwāri River","Kunwāri River",1265565,,
"Kupwāra (India)","Kupwāra ",6268046,,
"Kurnool Cuddapah Canal","Kurnool Cuddapah Canal",1265490,,
"Kushinagar (India : District)","Kushinagar",7626229,"Kushinagar (India : District)","n2010214745"
"Kuwait (Kuwait)","Kuwait City",285787,"Kuwait (Kuwait)","n81102869"
"La Paz (Baja California Sur, Mexico)","La Paz",4000900,"La Paz (Baja California Sur, Mexico)","n81005100"
"Lafayette (Calif.)","Lafayette",5364226,"Lafayette (Calif.)","n81011870"
"Laghmān (Afghanistan)","Laghmān",1135022,"Laghmān (Afghanistan)","n86066482"
"Lake County (Calif.)","Lake County",5364466,"Lake County (Calif.)","n80056715"
"Laksar (India)","Laksar",1265208,,
"Lakshadweep (India)","Lakshadweep",1265206,"Lakshadweep (India)","n80123357"
"Lālgola (India)","Lālgola",1265166,,
"Landes (France : Department)","Landes",3007866,"Landes (France : Department)","n81057175"
"Langāi River","Langāi River",1265103,,
"Languedoc-Roussillon (France)","Languedoc-Roussillon",3007670,"Languedoc-Roussillon (France)","n80109291"
"Lanjigarh (India)","Lanjigarh",1265083,,
"Larkspur (Calif.)","Larkspur",5365113,"Larkspur (Calif.)","n79132166"
"Las Vegas (Nev.)","Las Vegas",5506956,"Las Vegas (Nev.)","n79041932"
"Lawngtlai (India)","Lawngtlai",1264986,,
"Le Mans (France)","Le Mans",3003603,"Le Mans (France)","n81033593"
"Lebanon","Lebanon",272103,"Lebanon","n79090014"
"Leh (India : District)","Leh",7909879,"Leh (India : District)","n2012218730"
"Leipzig (Germany)","Leipzig",2879139,"Leipzig (Germany)","n79125883"
"Lenteng (India)","Lenteng",1264958,,
"Leshan Shi (Sichuan Sheng, China)","Leshan",1804153,"Leshan Shi (Sichuan Sheng, China)","n83174732"
"Lesotho","Lesotho",932692,"Lesotho","n80049717"
"Liaoning Sheng (China)","Liaoning Sheng",2036115,"Liaoning Sheng (China)","n80138224"
"Līlri River","Līlri River",1264918,,
"Limousin (France)","Limousin",2998268,"Limousin (France)","n81019994"
"Loir-et-Cher (France)","Loir-et-Cher",2997856,"Loir-et-Cher (France)","n79116204"
"Loire (France : Department)","Loire",2997870,"Loire (France : Department)","n81011157"
"Loire-Atlantique (France)","Loire-Atlantique",2997861,"Loire-Atlantique (France)","n81042223"
"Loiret (France)","Loiret",2997857,"Loiret (France)","n81119936"
"Loktak Lake (India)","Logtāk Lake",1264851,"Loktak Lake (India)","sh2006006636"
"London (England)","London",2643743,"London (England)","n79005665"
"Long Beach (Calif.)","Long Beach",5367929,"Long Beach (Calif.)","n79100226"
"Lorraine (France)","Lorraine",2997551,"Lorraine (France)","n81124886"
"Los Altos (Calif.)","Los Altos",5368335,"Los Altos (Calif.)","n81119252"
"Los Altos Hills (Calif.)","Los Altos Hills",5368346,"Los Altos Hills (Calif.)","n81140173"
"Los Angeles (Calif.)","Los Angeles",5368361,"Los Angeles (Calif.)","n79021240"
"Los Gatos (Calif.)","Los Gatos",5368518,"Los Gatos (Calif.)","n81119251"
"Lot (France)","Lot",2997524,"Lot (France)","n80132128"
"Lot-et-Garonne (France)","Lot-et-Garonne",2997523,"Lot-et-Garonne (France)","n81042226"
"Louisiana","Louisiana",4331987,"Louisiana","n79138970"
"Louisville (Ky.)","Louisville",4299276,"Louisville (Ky.)","n79022918"
"Lower Subansiri (India)","Lower Subansiri",1264739,,
"Lowgar (Afghanistan)","Lowgar",1134561,"Lowgar (Afghanistan)","n86066483"
"Lozère (France : Department)","Lozère",2997288,"Lozère (France : Department)","n83052245"
"Lucknow (India : District)","Lucknow",1264734,"Lucknow (India : District)","n81059800"
"Ludhiana (India : District)","Ludhiāna",1264729,"Ludhiana (India : District)","n83131584"
"Lūni (India)","Lūni",1264673,,
"Lūni River (India)","Lūni River",1264670,,
"Lūnkaransar (India)","Lūnkaransar",1264688,,
"Machchhu River (India)","Machchhu River",1264649,"Machchhu River (India)","sh2011000351"
"Madded (India)","Madded",1264600,,
"Madgaon (India)","Madgaon",1264588,"Madgaon (India)","n82036184"
"Madhubani (India : District)","Madhubani",1264556,"Madhubani (India : District)","n89114248"
"Madhupur (India)","Madhupur",1264551,"Madhupur (India)","n85044957"
"Madhya Pradesh (India)","Madhya Pradesh",1264542,"Madhya Pradesh (India)","n79130768"
"Madrid (Spain)","Madrid",3117735,"Madrid (Spain)","n78089046"
"Madurai (India : District)","Madurai",1264522,"Madurai (India : District)","n82272158"
"Mahānadī Main Canal","Mahānadī Main Canal",1264448,,
"Mahanadi River (India)","Mahānadī River",1264446,"Mahanadi River (India)","sh92002076"
"Mahānanda River","Mahānanda River",1264443,,
"Maharashtra (India)","Mahārāshtra",1264418,"Maharashtra (India)","n50000932"
"Māhi Nāla","Māhi Nāla",1351258,,
"Mahi River (India)","Mahi River",1264371,,
"Maine","Maine",4971068,"Maine","n79005604"
"Maine-et-Loire (France)","Maine-et-Loire",2996663,"Maine-et-Loire (France)","n50074265"
"Mājulī (India)","Mājuli",1264231,"Mājulī (India)","n81071713"
"Mālād (India)","Mālād",1264179,,
"Malatya (Turkey)","Malatya",304922,"Malatya (Turkey)","n85105600"
"Malawi","Malawi",927384,"Malawi","n80089996"
"Māldah District (India)","Māldah",1264122,"Māldah District (India)","n82259497"
"Malebennūr (India)","Malebennūr",1264120,,
"Mālūr (India)","Mālūr",1264010,,
"Mamit (India)","Mamit",7909838,,
"Mān River (India)","Mān River",1263624,,
"Manāli (India)","Manāli",1263967,"Manāli (India)","n84152445"
"Manche (France)","Manche",2996268,"Manche (France)","n81119935"
"Māndal (India)","Māndal",1263917,,
"Mandavi River (India)","Mandavi River",1263885,"Mandavi River (India)","sh2007020049"
"Mandrem (India)","Mandrem",1263840,,
"Mangalore (India)","Mangalore",1263780,"Mangalore (India)","n82150505"
"Mani Mājra (India)","Mani Mājra",1263714,,
"Manila (Philippines)","Manila",1701668,"Manila (Philippines)","n79056525"
"Manipala (India)","Manipala",1263707,"Manipala (India)","n79048381"
"Manipur (India)","Manipur",1263706,"Manipur (India)","n79060976"
"Manjra River (India)","Mānjra River",1263682,"Manjra River (India)","sh85080574"
"Manoharpur (India)","Manoharpur",1263651,,
"Manzala, Lake (Port Said, Egypt)","Buḩayrat al Manzalah",352836,"Manzala, Lake (Port Said, Egypt)","sh2011000322"
"Mao Songsang (India)","Mao Songsang",1263584,,
"Marigaon (India)","Marigaon",7302854,,
"Marin County (Calif.)","Marin County",5370468,"Marin County (Calif.)","n79089577"
"Markacho (India)","Markacho",1263510,,
"Markanda River (India)","Mārkanda River",1263508,,
"Mārkāpur (India)","Mārkāpur",1263504,,
"Marmagao (India)","Marmagao",1263494,"Marmagao (India)","n84206147"
"Marne (France)","Marne",2995603,"Marne (France)","n82088294"
"Marrakech (Morocco)","Marrakech",2542997,"Marrakech (Morocco)","n80162919"
"Martinez (Calif.)","Martinez",5370868,"Martinez (Calif.)","n81071616"
"Martinique","Martinique",3570311,"Martinique","n80010444"
"Maryland","Maryland",4361885,"Maryland","n79029831"
"Mashāt (India)","Mashāt",1263424,,
"Maski (India)","Maski",1263415,,
"Massachusetts","Massachusetts",6254926,"Massachusetts","n79007084"
"Mathura (India : District)","Mathura",1263366,"Mathura (India : District)","n81142224"
"Mayenne (France)","Mayenne",2994932,"Mayenne (France)","n86008684"
"Mayotte","Mayotte",1024031,"Mayotte","n81141395"
"Mayūreswar (India)","Mayūreswar",1263244,,
"Mazār-i Sharīf (Afghanistan)","Mazār-e Sharīf",8354719,"Mazār-i Sharīf (Afghanistan)","n79127651"
"Mechi River (Nepal and India)","Mechi River",1263233,"Mechi River (Nepal and India)","sh2004003301"
"Medan (Indonesia)","Medan",1214520,"Medan (Indonesia)","n79147871"
"Mediterranean Sea","Mediterranean Sea",363196,"Mediterranean Sea","sh85083236"
"Meerut (India : District)","Meerut",1263215,"Meerut (India : District)","n82145620"
"Meghalaya (India)","Meghālaya",1263207,"Meghalaya (India)","n80144997"
"Mehsana (India : District)","Mahesāna",1264390,"Mehsana (India : District)","no2003104094"
"Melli Bāzār (India)","Melli Bāzār",1263161,,
"Memphis (Tenn.)","Memphis",4641239,"Memphis (Tenn.)","n78095779"
"Mendha Nadī","Mendha Nadī",1263141,,
"Mendocino County (Calif.)","Mendocino County",5372163,"Mendocino County (Calif.)","n81108777"
"Mengpui Lui (India)","Mengpui Lui",1263135,,
"Menlo Park (Calif.)","Menlo Park",5372223,"Menlo Park (Calif.)","n81024722"
"Merāpāni (India)","Merāpāni",1263126,,
"Mesa (Ariz.)","Mesa",5304391,"Mesa (Ariz.)","n81140192"
"Metpalle (India)","Metpalle",7302835,,
"Meurthe-et-Moselle (France)","Meurthe-et-Moselle",2994111,"Meurthe-et-Moselle (France)","n81124885"
"Meuse (France)","Meuse",2994106,"Meuse (France)","n81124884"
"Mexicali (Mexico)","Mexicali",3996069,"Mexicali (Mexico)","n81139996"
"Mexico","Mexico",3996063,"Mexico","n81013960"
"Mexico City (Mexico)","Mexico City",3530597,"Mexico City (Mexico)","n79093328"
"Mexico, Gulf of","Gulf of Mexico",3523271,"Mexico, Gulf of","sh85084621"
"Michigan","Michigan",5001836,"Michigan","n80046126"
"Midi-Pyrénées (France)","Midi-Pyrénées",2993955,"Midi-Pyrénées (France)","n81110767"
"Milan (Italy)","Milan",3173435,"Milan (Italy)","n80060867"
"Mill Valley (Calif.)","Mill Valley",5373121,"Mill Valley (Calif.)","n80107104"
"Millbrae (Calif.)","Millbrae",5373129,"Millbrae (Calif.)","n81081019"
"Milpitas (Calif.)","Milpitas",5373327,"Milpitas (Calif.)","n81108318"
"Milwaukee (Wis.)","Milwaukee",5263045,"Milwaukee (Wis.)","n79119217"
"Minneapolis (Minn.)","Minneapolis",5037649,"Minneapolis (Minn.)","n79003965"
"Minnesota","Minnesota",5037779,"Minnesota","n79021675"
"Mississippi","Mississippi",4436296,"Mississippi","n79138969"
"Missouri","Missouri",4398678,"Missouri","n79029210"
"Mithri (India)","Mithri",1262977,,
"Mithri Nadi","Mithri Nadi",1262979,,
"Mizoram (India)","Mizoram",1262963,"Mizoram (India)","n81033457"
"Modesto (Calif.)","Modesto",5373900,"Modesto (Calif.)","n79141272"
"Moga (India : District)","Moga",8407028,"Moga (India : District)","no2003104540"
"Mohanā (India)","Mohanā",1262925,,
"Mohol (India)","Mohol",1262878,,
"Moldova","Moldova",617790,"Moldova","n90720192"
"Mombasa (Kenya)","Mombasa",186301,"Mombasa (Kenya)","n79055155"
"Mona River","Mona River",1262821,,
"Montana","Montana",5667009,"Montana","n80010207"
"Monte Sereno (Calif.)","Monte Sereno",5374283,"Monte Sereno (Calif.)","n81108744"
"Monterey (Calif.)","Monterey",5374361,"Monterey (Calif.)","n79071222"
"Monterey Bay (Calif.)","Monterey Bay",5374363,"Monterey Bay (Calif.)","sh85087059"
"Monterey Canyon (Calif.)","Monterey Canyon",4020248,,
"Monterey Harbor (Calif.)","Monterey Harbor",5374395,,
"Montevideo (Uruguay)","Montevideo",3441575,"Montevideo (Uruguay)","n79089276"
"Mopādu (India)","Mopādu",1262810,,
"Moradabad (India : District)","Morādābād",1262802,"Moradabad (India : District)","n86122026"
"Moraga (Calif.)","Moraga",5374671,"Moraga (Calif.)","n81108319"
"Morān Sāgar","Morān Sāgar",1262786,,
"Morār Nadī","Morār Nadī",1262782,,
"Morbihan (France)","Morbihan",2991879,"Morbihan (France)","n81011159"
"Morelia (Michoacán de Ocampo, Mexico)","Morelia",3995402,"Morelia (Michoacán de Ocampo, Mexico)","n80129080"
"Morgan Hill (Calif.)","Morgan Hill",5374764,"Morgan Hill (Calif.)","n81108766"
"Morocco","Morocco",2542007,"Morocco","n79069715"
"Morvi (India)","Morbi",1262775,"Morvi (India)","n2011002017"
"Moscow (Russia)","Moscow",524901,"Moscow (Russia)","n79076156"
"Moselle (France : 1919-)","Moselle",2991627,"Moselle (France : 1919-)","n2014055303"
"Moss Landing Harbor (Calif.)","Moss Landing Harbor",5375043,,
"Motīhāri (India)","Motīhāri",1262710,,
"Mountain View (Calif.)","Mountain View",5375480,"Mountain View (Calif.)","n81071485"
"Mozambique","Mozambique",1036973,"Mozambique","n81082759"
"Mudigandi Eru","Mudigandi Eru",1262659,,
"Muhari River","Muhari River",1194038,,
"Mūlki River","Mūlki River",1262545,,
"Mumbai (India)","Mumbai",1275339,"Mumbai (India)","n2012073713"
"Mussoorie (India)","Mussoorie",1262374,"Mussoorie (India)","n85805295"
"Muzaffarnagar (India : District)","Muzaffarnagar",1262333,"Muzaffarnagar (India : District)","n81098283"
"Muzaffarpur (India : District)","Muzaffarpur",1262331,"Muzaffarpur (India : District)","n88030955"
"Mylliem (India : State)","Mylliem",1262326,"Mylliem (India : State)","n81006349"
"Mysore (India : District)","Mysore",1262322,"Mysore (India : District)","n79143751"
"Nadiad (India)","Nadiād",1262292,"Nadiad (India)","n88176374"
"Nāgāland (India)","Nāgāland",1262271,"Nāgāland (India)","n79127113"
"Nagamangala (India)","Nāgamangala",1262266,"Nagamangala (India)","n88184490"
"Nagaon (India : District)","Nagāon",8849144,"Nagaon (India : District)","n2006207567"
"Nāgpur (India : District)","Nāgpur",1262182,"Nāgpur (India : District)","n88124225"
"Naharlagun (India)","Naharlagun",7302855,"Naharlagun (India)","n2012063899"
"Naini Tal (India : District)","Naini Tāl",1262118,"Naini Tal (India : District)","n87839153"
"Nairobi (Kenya)","Nairobi",184745,"Nairobi (Kenya)","n79011090"
"Nalanda (India : District)","Nālanda",1262081,"Nalanda (India : District)","n85385806"
"Nalgonda (India : District)","Nalgonda District",1262068,"Nalgonda (India : District)","n82090475"
"Nalhāti (India)","Nalhāti",1262065,"Nalhāti (India)","no2001102489"
"Namibia","Namibia",3355338,"Namibia","n79039884"
"Nancowry Island (India)","Nancowry Island",1261993,,
"Nandigāma (India)","Nandigāma",1261960,,
"Nandikotkūr (India)","Nandikotkūr",1261957,,
"Nangarhār (Afghanistan)","Nangarhār",1132366,"Nangarhār (Afghanistan)","n86066484"
"Napa (Calif.)","Napa",5376095,"Napa (Calif.)","n81081020"
"Napa County (Calif.)","Napa County",5376101,"Napa County (Calif.)","n79108910"
"Napāsar (India)","Napāsar",1261882,,
"Nārāyanpur (Rajasthan, India)","Nārāyanpur",1261817,,
"Narmada River (India)","Narmada",1261774,"Narmada River (India)","sh85089828"
"Naroli (India)","Naroli",1261767,,
"Nashik Division (India)","Nashik Division",8131501,,
"Nashville (Tenn.)","Nashville",4644585,"Nashville (Tenn.)","n78095801"
"Nāsik (India : District)","Nāsik",1261732,"Nāsik (India : District)","n88238727"
"Navsāri (India)","Navsāri",1261653,"Navsāri (India)","n89287968"
"Nayar River","Nayar River",1261572,,
"Ndola (Zambia)","Ndola",901344,"Ndola (Zambia)","n82038181"
"Nebraska","Nebraska",5073708,"Nebraska","n80072484"
"Nedungādu (India)","Nedungādu",1261551,,
"Nermand (India)","Nermand",1261503,,
"Netrāvati River","Netrāvati River",1261492,,
"Nevada","Nevada",5509151,"Nevada","n79072716"
"New Caledonia","New Caledonia",2139685,"New Caledonia","n81035871"
"New Hampshire","New Hampshire",5090174,"New Hampshire","n79007325"
"New Jersey","New Jersey",5101760,"New Jersey","n80046086"
"New Mexico","New Mexico",5481136,"New Mexico","n79005595"
"New York (N.Y.)","New York",5128581,"New York (N.Y.)","n79007751"
"New York (State)","New York",5128638,"New York (State)","n80126293"
"New Zealand","New Zealand",2186224,"New Zealand","n79021322"
"Newark (Calif.)","Newark",5376803,"Newark (Calif.)","n81081021"
"Nicobar Islands (India)","Nicobar",1261448,"Nicobar Islands (India)","sh96008891"
"Nièvre (France)","Nièvre",2990371,"Nièvre (France)","n81124798"
"Nilambur Taluk (India)","Nilambūr",1261398,"Nilambur Taluk (India)","n2006171404"
"Nile River","Nile River",351036,"Nile River","sh85091951"
"Nīlgiri (India)","Nīlgiri",1261402,,
"Nimaj (India)","Nimbāj",1261378,"Nimaj (India)","n89202720"
"Nīmrūz (Afghanistan)","Nīmrūz",1131821,"Nīmrūz (Afghanistan)","n83039494"
"Ningxia Sheng (China)","Ningxia Sheng",9620033,"Ningxia Sheng (China)","n81128355"
"Nirmal (India)","Nirmal",1261288,,
"Nīsang (India)","Nīsang",1261279,,
"Noida (India)","Noida",7279746,"Noida (India)","n99024441"
"Nongbah (India)","Nongbah",1261213,,
"Nord (France : Department)","Nord",2990129,"Nord (France : Department)","n83014800"
"Nord-Pas-de-Calais (France)","Nord-Pas-de-Calais",2990119,"Nord-Pas-de-Calais (France)","n80087154"
"North America","North America",6255149,"North America","sh85092455"
"North Carolina","North Carolina",4482348,"North Carolina","n79007042"
"North Dakota","North Dakota",5690763,"North Dakota","n79068662"
"North Koel River","North Koel River",1261182,,
"North Lakhimpur (India)","North Lakhimpur",1261181,,
"North Pacific Ocean","North Pacific Ocean",4030875,"North Pacific Ocean","sh85092520"
"North Sea","North Sea",2960848,"North Sea","sh85092528"
"Novato (Calif.)","Novato",5378044,"Novato (Calif.)","n81081022"
"Noyo River (Calif.)","Noyo River",5378072,"Noyo River (Calif.)","no2011093249"
"Noyo River Watershed (Calif.)",,,,
"Nūristān (Afghanistan)","Nūristān",1451452,"Nūristān (Afghanistan)","n85101922"
"Nuvem (India)","Nuvem",1261111,,
"Oakland (Calif.)","Oakland",5378538,"Oakland (Calif.)","n79118971"
"Oakley (Calif.)","Oakley",5378566,"Oakley (Calif.)","n78030095"
"Oaxaca de Juárez (Mexico)","Oaxaca de Juárez",3522507,"Oaxaca de Juárez (Mexico)","n81144155"
"Ohio","Ohio",5165418,"Ohio","n79049197"
"Oise (France)","Oise",2989663,"Oise (France)","n82099561"
"Ojinaga (Mexico)","Ojinaga",3994469,"Ojinaga (Mexico)","n2003017910"
"Oklahoma","Oklahoma",4544379,"Oklahoma","n79046257"
"Okti͡abrʹskiĭ (Bashkortostan, Russia)","Oktyabr’skiy",515873,"Okti͡abrʹskiĭ (Bashkortostan, Russia)","no2010010661"
"Oregon","Oregon",5744337,"Oregon","n79021953"
"Orinda (Calif.)","Orinda",5379678,"Orinda (Calif.)","n82041146"
"Orissa (India)","Orissa",1261029,"Orissa (India)","n79071202"
"Orne (France)","Orne",2989247,"Orne (France)","n50002367"
"Orūzgān (Afghanistan : Province)","Orūzgān",1131461,"Orūzgān (Afghanistan : Province)","n86066485"
"Ouagadougou (Burkina Faso)","Ouagadougou",2357048,"Ouagadougou (Burkina Faso)","n79099508"
"Pacific Ocean","Pacific Ocean",8411083,"Pacific Ocean","sh85096476"
"Pacifica (Calif.)","Pacifica",5380420,"Pacifica (Calif.)","n78087930"
"Pahlgām (India)","Pahalgām",1260880,"Pahlgām (India)","n81094925"
"Pāi (India)","Pāi",1260856,,
"Pajaro (Calif.)","Pajaro",5380537,"Pajaro (Calif.)","n98113346"
"Pajaro River (Calif.)",,,,
"Pakistan","Pakistan",1168579,"Pakistan","n80125947"
"Paktīā (Afghanistan)","Paktīā",1131257,"Paktīā (Afghanistan)","n85302301"
"Paktīkā (Afghanistan)","Paktīkā",1131256,"Paktīkā (Afghanistan)","n96087300"
"Palembang (Indonesia)","Palembang",1633070,"Palembang (Indonesia)","n79100909"
"Palermo (Italy)","Palermo",2523920,"Palermo (Italy)","n79043751"
"Palmaner (India)","Palmaner",1260674,,
"Palo Alto (Calif.)","Palo Alto",5380748,"Palo Alto (Calif.)","n81019888"
"Pamba River (India)","Pāmbā Ār",1260632,"Pamba River (India)","sh2012001868"
"Pāmban (India)","Pāmban",1260628,,
"Pāmban Island (India)","Pāmban Island",1260626,,
"Pan Nār (India)","Pan Nār",1440463,,
"Panaji (India)","Panaji",1260607,"Panaji (India)","n81118501"
"Panam River","Panam River",1260604,,
"Pānīpat (India)","Pānīpat",1260476,"Pānīpat (India)","n85027097"
"Panjshir (Afghanistan : Province)","Panjshir",6957555,"Panjshir (Afghanistan : Province)","n2012063624"
"Pāonta Sāhib (India)","Pāonta Sāhib",1260421,,
"Par River (India)","Pār River",1260264,,
"Paradgaon (India)","Pāradgaon",1260395,,
"Paris (France : Department)","Paris",2968815,"Paris (France : Department)","n86106358"
"Paris (France)","Paris",2988507,"Paris (France)","n79058874"
"Parvān (Afghanistan)","Parvān",1131054,"Parvān (Afghanistan)","n86066486"
"Parwar (India)","Parwar",6991353,,
"Pas-de-Calais (France)","Pas-de-Calais",2988430,"Pas-de-Calais (France)","n82099562"
"Pashchim Champāran (India)","Pashchim Champāran",1260208,,
"Pathānkot (India)","Pathankot",8408318,"Pathānkot (India)","n2010208624"
"Patiāla (India : District)","Patiala",1260108,"Patiāla (India : District)","n81122026"
"Patiāla (India)","Patiala",1260107,"Patiāla (India)","n88147583"
"Patna (India : District)","Patna",1260091,"Patna (India : District)","n83074424"
"Payaswani River","Payaswani River",1259997,,
"Pays de la Loire (France)","Pays de la Loire",2988289,"Pays de la Loire (France)","n80125704"
"Pedda Cheruvu","Pedda Cheruvu",1445547,,
"Pedda Gedda","Pedda Gedda",8439975,,
"Penner River","Penner River",1259912,,
"Pennsylvania","Pennsylvania",6254927,"Pennsylvania","n79022911"
"Periyār River","Periyār River",1259873,,
"Petaluma (Calif.)","Petaluma",5382232,"Petaluma (Calif.)","n80016984"
"Phāileng (India)","Phāileng",1259823,,
"Phek (India)","Phek",1259785,"Phek (India)","n2012218605"
"Philadelphia (Pa.)","Philadelphia",4560349,"Philadelphia (Pa.)","n78095520"
"Phoenix (Ariz.)","Phoenix",5308655,"Phoenix (Ariz.)","n81066146"
"Phulka River","Phulka River",1259740,,
"Picardy (France)","Picardy",2987375,"Picardy (France)","n80075199"
"Pidugurālla (India)","Pidugurālla",1259704,,
"Piedmont (Calif.)","Piedmont",5382514,"Piedmont (Calif.)","n79118972"
"Pihra (India)","Pihra",1259699,,
"Pimpalgaon (India)","Pimpalgaon",1259665,,
"Pimpri-Chinchwad (India)","Pimpri-Chinchwad",7626690,,
"Pinole (Calif.)","Pinole",5383186,"Pinole (Calif.)","n81083002"
"Pittsburg (Calif.)","Pittsburg",5383465,"Pittsburg (Calif.)","n81086821"
"Pittsburgh (Pa.)","Pittsburgh",5206379,"Pittsburgh (Pa.)","n79054720"
"Pleasant Hill (Calif.)","Pleasant Hill",5383720,"Pleasant Hill (Calif.)","n81081026"
"Pleasanton (Calif.)","Pleasanton",5383777,"Pleasanton (Calif.)","n81081027"
"Poitou-Charentes (France)","Poitou-Charentes",2986492,"Poitou-Charentes (France)","n83014781"
"Ponda (India)","Ponda",1259429,"Ponda (India)","no93018697"
"Pondicherry (India : Union Territory)","Pondicherry",1259424,"Pondicherry (India : Union Territory)","n79095642"
"Pondicherry (India)","Pondicherry",1259426,"Pondicherry (India)","n81074465"
"Ponnāni (India)","Ponnāni",1259411,,
"Poona (India)","Pune",1259229,"Poona (India)","n79120251"
"Porbandar (India)","Porbandar",1259395,"Porbandar (India)","n82123486"
"Port Blair (India)","Port Blair",1259385,"Port Blair (India)","n82028960"
"Port Sudan (Sudan)","Port Sudan",377039,"Port Sudan (Sudan)","n81086913"
"Portland (Or.)","Portland",5746545,"Portland (Or.)","n79007500"
"Portola Valley (Calif.)","Portola Valley",5384478,"Portola Valley (Calif.)","n81116236"
"Prānhita River (India)","Prānhita River",1259342,"Prānhita River (India)","sh85106093"
"Pretoria (South Africa)","Pretori",964137,"Pretoria (South Africa)","n79023000"
"Provence-Alpes-Côte d'Azur (France)","Provence-Alpes-Côte d'Azur",2985244,"Provence-Alpes-Côte d'Azur (France)","n82051760"
"Puerto Rico","Puerto Rico",4566966,"Puerto Rico","n79063677"
"Pulivendla (India)","Pulivendla",1259264,,
"Puna River (India)","Puna River",1259241,,
"Pūnch (India : District)","Pūnch",1167718,"Pūnch (India : District)","n84025785"
"Pune (India : District)","Pune",1259230,"Pune (India : District)","n85155103"
"Punjab (India)","Punjab",1259223,"Punjab (India)","n50000530"
"Pūrna River (India)","Pūrna River",1259172,,
"Pusan (Korea)","Busan",1838524,"Pusan (Korea)","n80013546"
"Puy-de-Dôme (France : Department)","Puy-de-Dôme",2984986,"Puy-de-Dôme (France : Department)","n82161784"
"Pyrénées-Atlantiques (France)","Pyrénées-Atlantiques",2984887,"Pyrénées-Atlantiques (France)","n83143766"
"Pyrénées-Orientales (France)","Pyrénées-Orientales",2984885,"Pyrénées-Orientales (France)","n82000564"
"Qādiān (India)","Qādiān",1259110,"Qādiān (India)","n2005038964"
"Qinghai Sheng (China)","Qinghai Sheng",1280239,"Qinghai Sheng (China)","n81015718"
"Quilon (India)","Kollam",1259091,"Quilon (India)","n80150293"
"Raia (India)","Raia",1259017,,
"Raigarh (India : District)","Raigarh",1259006,"Raigarh (India : District)","n85044847"
"Rājampet (India)","Rājampet",1258922,,
"Rajasthan (India)","Rajasthan",1258899,"Rajasthan (India)","n79061911"
"Rājaund (India)","Rājaund",1258893,,
"Rajkot (India : District)","Rājkot",1258849,"Rajkot (India : District)","n80107696"
"Rājsamand (India : District)","Rajasmand",7701213,"Rājsamand (India : District)","n2002125994"
"Rājshāhi (Bangladesh)","Rajshahi",1185128,"Rājshāhi (Bangladesh)","n81071714"
"Rāmganga Nadi","Rāmganga Nadi",6994903,,
"Rāmgarh (India)","Rāmgarh",1258677,,
"Rāmpur (Uttar Pradesh, India : District)","Rāmpur",1258622,"Rāmpur (Uttar Pradesh, India : District)","n89249798"
"Rānīkhet (India)","Rānīkhet",1258455,"Rānīkhet (India)","n84195943"
"Ranipur (India)","Rānīpur",1258449,"Ranipur (India)",
"Rann of Kutch","Rann of Kutch",1265425,,
"Ratnāgiri (India : District)","Ratnagiri District",1258340,"Ratnāgiri (India : District)","n83150618"
"Rātu (India)","Rātu",1258323,,
"Ravi River (India and Pakistan)","Ravi River",1253917,"Ravi River (India and Pakistan)","sh87002222"
"Red Sea","Red Sea",350155,"Red Sea","sh85112090"
"Redwood City (Calif.)","Redwood City",5386834,"Redwood City (Calif.)","n81101026"
"Reotīpur (India)","Reotīpur",1258202,,
"Réunion","Réunion",935317,"Réunion","n79079314"
"Rewāri (India)","Rewāri",1258178,"Rewāri (India)","n2009004858"
"Rhenok (India)","Rhenok",1258174,,
"Rhode Island","Rhode Island",5224323,"Rhode Island","n79022912"
"Rhône (France)","Rhône",2987410,"Rhône (France)","n81092065"
"Rhône-Alpes (France)","Rhône-Alpes",2983751,"Rhône-Alpes (France)","n80123342"
"Ribeirão Prêto (Brazil)","Ribeirão Prêto",3451328,"Ribeirão Prêto (Brazil)","n81018973"
"Richmond (Calif.)","Richmond",5387428,"Richmond (Calif.)","n80160391"
"Rihand River","Rihand River",1258151,,
"Rio Vista (Calif.)","Rio Vista",7536026,"Rio Vista (Calif.)","n82032032"
"Rishīkesh (India)","Rishīkesh",1258128,"Rishīkesh (India)","n84112059"
"Rocky Mountains","Rocky Mountains",5836950,"Rocky Mountains","sh85114790"
"Rohnert Park (Calif.)","Rohnert Park",5388564,"Rohnert Park (Calif.)","n81081029"
"Rohtak (India : District)","Rohtak",1258077,"Rohtak (India : District)","n85160323"
"Rongram (India)","Rongram",1258050,,
"Rosarito (Tijuana, Baja California, Mexico)","Rosarito",3988392,"Rosarito (Tijuana, Baja California, Mexico)","n2002031116"
"Ross (Calif.)","Ross",5388907,"Ross (Calif.)","n81081031"
"Rūpangarh (India)","Rūpangarh",1257952,,
"Russia","Russia",2017370,"Russia","n80001203"
"Russian River (Calif.)","Russian River",5389382,"Russian River (Calif.)","sh88000860"
"Russian River Watershed (Calif.)",,,,
"Rwanda","Rwanda",49518,"Rwanda","n81025976"
"Sabarmati (India)","Sābarmatī",1257921,"Sabarmati (India)","n81082599"
"Sābarmatī River (India)","Sābarmatī River",1257920,"Sābarmatī River (India)","sh85116174"
"Sacramento (Calif.)","Sacramento",5389489,"Sacramento (Calif.)","n79066525"
"Sagi Nadī","Sagi Nadī",1257827,,
"Sagileru River","Sagileru River",1257828,,
"Sahāranpur (India : District)","Sahāranpur",1257807,"Sahāranpur (India : District)","n81074452"
"Saharsa (India)","Saharsa",1257805,,
"Sai River (India)","Sai River",1257740,,
"Sāili (India)","Sāili",1257763,,
"Saint Helena (Calif.)","Saint Helena",5390267,"Saint Helena (Calif.)","n80031331"
"Saint Pierre and Miquelon","Saint Pierre and Miquelon",3424932,"Saint Pierre and Miquelon","n83017162"
"Saint-Barthélemy","Saint-Barthélemy",3578476,"Saint-Barthélemy","n84179175"
"Saint-Martin (Collectivity)","Saint-Martin",3578421,"Saint-Martin (Collectivity)","no2008109008"
"Salem (India : District)","Salem",1257630,"Salem (India : District)","n82272161"
"Saligão (India)","Saligao",1257611,"Saligão (India)","no2003072731"
"Salinas (Calif.)","Salinas",5391295,"Salinas (Calif.)","n81080010"
"Salinas River Watershed (Calif.)",,,,
"Sālwan (India)","Sālwan",1257583,,
"Samangān (Afghanistan : Province)","Samangān",1127766,"Samangān (Afghanistan : Province)","n86066489"
"Sāmba (India)","Sāmba",1257545,,
"Sāmbhar Salt Lake","Sāmbhar Salt Lake",1257538,,
"San Anselmo (Calif.)","San Anselmo",5391615,"San Anselmo (Calif.)","n50058914"
"San Antonio (Tex.)","San Antonio",4726206,"San Antonio (Tex.)","n79054641"
"San Benito County (Calif.)","San Benito County",5391692,"San Benito County (Calif.)","n79089117"
"San Bruno (Calif.)","San Bruno",5391749,"San Bruno (Calif.)","n79054244"
"San Carlos (Calif.)","San Carlos",5391760,"San Carlos (Calif.)","n81101027"
"San Diego (Calif.)","San Diego",5391811,"San Diego (Calif.)","n79056560"
"San Francisco (Calif.)","San Francisco",5391959,"San Francisco (Calif.)","n79018452"
"San Jose (Calif.)","San Jose",5392171,"San Jose (Calif.)","n79102890"
"San Leandro (Calif.)","San Leandro",5392263,"San Leandro (Calif.)","n81081032"
"San Mateo (Calif.)","San Mateo",5392423,"San Mateo (Calif.)","n81081033"
"San Mateo County (Calif.)","San Mateo County",5392427,"San Mateo County (Calif.)","n81061756"
"San Pablo (Calif.)","San Pablo",5392508,"San Pablo (Calif.)","n81081034"
"San Rafael (Calif.)","San Rafael",5392567,"San Rafael (Calif.)","n81039873"
"San Ramon (Calif.)","San Ramon",5392593,"San Ramon (Calif.)","n81071617"
"San Salvador (El Salvador)","San Salvador",3583361,"San Salvador (El Salvador)","n79066410"
"Sāngli (India : District)","Sāngli",1257417,"Sāngli (India : District)","n85107301"
"Sangrūr (India)","Sangrūr",1257402,"Sangrūr (India)","n84065654"
"Ṣanʻāʼ (Yemen)","Sanaa",71137,"Ṣanʻāʼ (Yemen)","n80086523"
"Santa Clara (Calif.)","Santa Clara",5393015,"Santa Clara (Calif.)","n79045555"
"Santa Clara County (Calif.)","Santa Clara County",5393021,"Santa Clara County (Calif.)","n79089118"
"Santa Cruz (Calif.)","Santa Cruz",5393052,"Santa Cruz (Calif.)","n79083269"
"Santa Cruz (Goa, India)","Santa Cruz",1257344,"Santa Cruz (Goa, India)","n89100195"
"Santa Cruz Small Craft Harbor","Santa Cruz Small Craft Harbor",5393102,,
"Santa Rosa (Calif.)","Santa Rosa",5393287,"Santa Rosa (Calif.)","n81081036"
"Santiago (Chile)","Santiago",3871336,"Santiago (Chile)","n79077402"
"São Paulo (Brazil)","São Paulo",3448439,"São Paulo (Brazil)","n79077404"
"Saône-et-Loire (France)","Saône-et-Loire",2976082,"Saône-et-Loire (France)","n81096322"
"Sapāi Nadī","Sapāi Nadī",1257299,,
"Sar-e Pol (Afghanistan)","Sar-e Pol",1127110,"Sar-e Pol (Afghanistan)","n85330759"
"Saran (India)","Sāran",1257248,"Saran (India)","n79105943"
"Saraswati River (India)","Saraswati River",1257226,"Saraswati River (India)","sh2004006015"
"Saratoga (Calif.)","Saratoga",5393485,"Saratoga (Calif.)","n81108745"
"Sarthe (France)","Sarthe",2975926,"Sarthe (France)","n81060081"
"Sāsoi River","Sāsoi River",1257075,,
"Sāu River","Sāu River",1256975,,
"Saudi Arabia","Saudi Arbia",102358,"Saudi Arabia","n80131611"
"Sausalito (Calif.)","Sausalito",5393611,"Sausalito (Calif.)","n81081037"
"Savoie (France)","Savoie",2975517,"Savoie (France)","n80115811"
"Seattle (Wash.)","Seattle",5809844,"Seattle (Wash.)","n79041965"
"Sebastopol (Calif.)","Sebastopol",5394165,"Sebastopol (Calif.)","n82041165"
"Seine-et-Marne (France)","Seine-et-Marne",2975249,"Seine-et-Marne (France)","n81119934"
"Seine-Maritime (France)","Seine-Maritime",2975248,"Seine-Maritime (France)","n81050232"
"Seine-Saint-Denis (France)","Seine-Saint-Denis",2975246,"Seine-Saint-Denis (France)","n81039882"
"Seoul (Korea)","Seoul",1835848,"Seoul (Korea)","n79066627"
"Shaanxi Sheng (China)","Shaanxi Sheng",1796480,"Shaanxi Sheng (China)","n81004156"
"Shahjadpur (Bangladesh)","Shahjadpur",9403715,"Shahjadpur (Bangladesh)","n82051101"
"Shajapur (India : District)","Shājāpur",1256694,"Shajapur (India : District)","n89287461"
"Shandong Sheng (China)","Shandong Sheng",1796328,"Shandong Sheng (China)","n80158871"
"Shanghai (China)","Shanghai",1796231,"Shanghai (China)","n79063254"
"Shangpung (India)","Shangpung",1256652,,
"Shanxi Sheng (China)","Shanxi Sheng",1795912,"Shanxi Sheng (China)","n80131727"
"Sharāvati River","Sharāvati River",1256634,,
"Sheffield (England)","Sheffield",2638077,"Sheffield (England)","n79072766"
"Shella (India)","Shella",8430980,"Shella (India)","no2002066313"
"Sher Nadī","Sher Nadī",1256567,,
"Sherpur (India)","Sherpur",7003611,,
"Shevgaon (India)","Shevgaon",1256547,,
"Shillong (India)","Shillong",1256523,"Shillong (India)","n81003906"
"Shirdi (India)","Shirdi",1256489,"Shirdi (India)","n81010832"
"Sholāpur (India : District)","Solāpur",1255847,"Sholāpur (India : District)","n82000514"
"Shymkent (Kazakhstan)","Shymkent",1518980,"Shymkent (Kazakhstan)","n89118823"
"Shyok River","Shyok River",1256406,,
"Sibsāgar (India : District)","Sibsāgar",1256389,"Sibsāgar (India : District)","n85370258"
"Sichuan Sheng (China)","Sichuan Sheng",1794299,"Sichuan Sheng (China)","n81020323"
"Sihphir (India)","Sihphir",8433057,,
"Sīkar (India : District)","Sīkar",1256321,"Sīkar (India : District)","n85107080"
"Sikkim (India)","Sikkim",1256312,"Sikkim (India)","n80038365"
"Sili (India)","Sili",1256279,,
"Silvāni (India)","Silvāni",1256260,,
"Simla (India : District)","Shimla",1256238,"Simla (India : District)","n89262616"
"Singapore (City)","Singapore",1880252,,
"Siroda (India)","Siroda",1256069,,
"Sirohi (India : District)","Sirohi",1256068,"Sirohi (India : District)","n84018080"
"Sirpur (India)","Sirpur",1256063,,
"Sitamarhi District (India)","Sītāmarhi",1255984,"Sitamarhi District (India)","n83060548"
"Sītānadī River","Sītānadī River",1255979,,
"Siwan (India : District)","Siwān",1255930,"Siwan (India : District)","no2001009997"
"Sīwan (India)","Sīwan",1255927,"Siwān (Saran, India)","no89000014"
"Siwāna (India)","Siwāna",1255925,,
"Solan (India : District)","Solan",1255851,"Solan (India : District)","n85161932"
"Solāni River","Solāni River",1255849,,
"Solano County (Calif.)","Solano County",5396987,"Solano County (Calif.)","n81080171"
"Somesar Nadī","Somesar Nadī",1255824,,
"Somme (France)","Somme",2974304,"Somme (France)","n80115822"
"Sompeta (India)","Sompeta",1255816,,
"Son River (India)","Son River",1255729,"Son River (India)","sh85124811"
"Sonai (India)","Sonāi",1255802,,
"Sonar River (India)","Sonār River",1255782,"Sonar River (India)","sh85124815"
"Sonāwāri (India)","Sonāwāri",1430686,,
"Songkhla (Thailand)","Songkhla",1606147,"Songkhla (Thailand)","n85047295"
"Sonīpat (India)","Sonīpat",1255745,"Sonīpat (India)","n81085968"
"Sonoma (Calif.)","Sonoma",5397095,"Sonoma (Calif.)","n82098551"
"Sonoma County (Calif.)","Sonoma County",5397100,"Sonoma County (Calif.)","n81061755"
"Soquel Canyon (Calif.)","Soquel Canyon",4020152,,
"South Africa","South Africa",953987,"South Africa","n79023005"
"South America","South America",6255150,"South America","sh85125524"
"South Carolina","South Carolina",4597040,"South Carolina","n79022914"
"South Dakota","South Dakota",5769223,"South Dakota","n79007333"
"South Pacific Islands","South Pacific Islands",6942348,,
"South San Francisco (Calif.)","South San Francisco",5397765,"South San Francisco (Calif.)","n81081040"
"Southern Province (Zambia)","Southern Province",896972,"Southern Province (Zambia)","n83022861"
"Spain","Spain",2510769,"Spain","n79006971"
"Springfield (Ill.)","Springfield",4250542,"Springfield (Ill.)","n79041941"
"St. Catharines (Ont.)","St. Catharines",6155721,"St. Catharines (Ont.)","n82094699"
"Sudan","Sudan",366755,"Sudan","n79022301"
"Suisun (Calif.)","Suisun",5399629,"Suisun City (Calif.)","n85046894"
"Sukh Rao (India)","Sukh Rao",1441028,,
"Sukha","Sukha",7004657,,
"Sukma (India)","Sukma",1255531,,
"Sukri Nadī","Sukri Nadī",1255524,,
"Sukri River (India)","Sukri River",1255521,,
"Sukta River (India)","Sukta River",1255519,,
"Sultānpur (India : District)","Sultānpur",1255489,"Sultānpur (India : District)","n80075286"
"Sunāri (India)","Sunāri",1255444,,
"Sundardhunga River","Sundardhunga River",1255439,,
"Sunnyvale (Calif.)","Sunnyvale",5400075,"Sunnyvale (Calif.)","n81056552"
"Supaul (India)","Supaul",7626567,,
"Sūrat (India : District)","Sūrat",1255365,"Sūrat (India : District)","n81071711"
"Surendranagar (India : District)","Surendranagar",1255350,"Surendranagar (India : District)","n80143567"
"Surma River","Surma River",1255332,,
"Sutlej River","Sutlej River",1115006,"Sutlej River","sh85130912"
"Sutnga (India)","Sutnga",1255291,,
"Swaziland","Swaziland",934841,"Swaziland","n81087157"
"Sydney (N.S.W.)","Sydney",2147714,"Sydney (N.S.W.)","n79021855"
"Tacoma (Wash.)","Tacoma",5812944,"Tacoma (Wash.)","n79071274"
"Tādong (India)","Tādong",1255255,,
"Tajikistan","Tajikistan",1220409,"Tajikistan","n91129915"
"Takhār (Afghanistan)","Takhār",1123230,"Takhār (Afghanistan)","n86066490"
"Tamār (India)","Tamār",1255070,,
"Tāmbraparni River","Tāmbraparni River",1255058,,
"Tamenglong (India)","Tamenglong",1255056,,
"Tamil Nadu (India)","Tamil Nādu",1255053,"Tamil Nadu (India)","n80061081"
"Tānūr (India)","Tānūr",1254952,"Tānūr (India)","n78092669"
"Tāpti River","Tapi River",1254944,,
"Tarn (France)","Tarn",2973362,"Tarn (France)","n50068849"
"Tarn-et-Garonne (France)","Tarn-et-Garonne",2973357,"Tarn-et-Garonne (France)","n80132130"
"Tawā River (India)","Tawā River",1254829,,
"Tébessa (Algeria)","Tébessa",2477461,"Tébessa (Algeria)","n2006016474"
"Tecate (Mexico)","Tecate",3982266,"Tecate (Mexico)","n80090656"
"Tehran (Iran)","Tehran",112931,"Tehran (Iran)","n79039626"
"Tekanpur (India)","Tekanpur",1254798,,
"Tel Aviv (Israel)","Tel Aviv",293397,"Tel Aviv (Israel)","n79066414"
"Tennessee","Tennessee",4662168,"Tennessee","n79060965"
"Terres australes et antarctiques françaises","Terres australes et antarctiques françaises",1546748,"Terres australes et antarctiques françaises","n82094862"
"Texas","Texas",4736286,"Texas","n80129616"
"Tezpur (India)","Tezpur",1254710,"Tezpur (India)","n89110553"
"Tezu (India)","Tezu",1254709,,
"Thāne (India : District)","Thāne",1254662,"Thāne (India : District)","n85045214"
"Thānga (India)","Thānga",1254656,,
"Thessalonikē (Greece)","Thessaloniki",734077,"Thessalonikē (Greece)","n80056641"
"Thiruvarur (India)","Thiruvarur",7646980,,
"Tianjin (China)","Tianjin",1792943,"Tianjin (China)","n80076205"
"Tibet Autonomous Region (China)","Tibet Autonomous Region",1279685,"Tibet Autonomous Region (China)","n79100917"
"Tiburon (Calif.)","Tiburon",5402535,"Tiburon (Calif.)","n81081041"
"Tigharā Reservoir","Tigharā Reservoir",1254542,,
"Tijuana (Baja California, Mexico)","Tijuana",3981609,"Tijuana (Baja California, Mexico)","n82020615"
"Tinsukia (India)","Tinsukia",7627085,,
"Tiruchchirāppalli (India)","Tiruchirappalli",1254388,"Tiruchchirāppalli (India)","n80112763"
"Tiruppattūr (India)","Tiruppattūr",1254355,"Tiruppattūr (India)","n82252421"
"Tirūr (India)","Tirūr ",1254346,,
"Tirūrangādi (India)","Tirūrangādi",1254345,,
"Tisa Jo","Tisa Jo",1254316,,
"Tokyo (Japan)","Tokyo",1850147,"Tokyo (Japan)","n79034998"
"Tondāpur (India)","Tondāpur",1254251,,
"Tons Nadi","Tons Nadi",1440994,,
"Tripura (India)","Tripura",1254169,"Tripura (India)","n80161616"
"Trivandrum (India : District)","Thiruvananthapuram",7909823,"Trivandrum (India : District)","n82103543"
"Tucson (Ariz.)","Tucson",5318313,"Tucson (Ariz.)","n79064631"
"Tuichang River (India)","Tuichang River",1254127,,
"Tuisen (India)","Tuisen",1254119,,
"Tuivai (India)","Tuivai",1254118,,
"Turkmenistan","Turkmenistan",1218197,"Turkmenistan","n91129790"
"Tuxtla Gutiérrez (Mexico)","Tuxtla Gutiérrez",3515001,"Tuxtla Gutiérrez (Mexico)","n84191860"
"Udaipur (India : District)","Udaipur",1253989,"Udaipur (India : District)","n85156501"
"Uganda","Uganda",226074,"Uganda","n80126332"
"Ujjain (India : District)","Ujjain",1253915,"Ujjain (India : District)","n81030113"
"Ukhrul (India : District)","Ukhrul",1253904,"Ukhrul (India : District)","n2005207713"
"Ulaanbaatar (Mongolia)","Ulan Bator",2028462,"Ulaanbaatar (Mongolia)","n82211486"
"Union City (Calif.)","Union City",5404555,"Union City (Calif.)","n81081042"
"United States","United States",6252001,"United States","n78095330"
"United States Virgin Islands","U.S. Virgin Islands",4796775,"United States Virgin Islands",
"Uppala River","Uppala River",1253724,,
"Upper Bāri Doāb Canal (India)","Upper Bāri Doāb Canal",1253722,,
"Upper Subansiri (India)","Upper Subansiri",1253720,"Upper Subansiri (India)","n2012218616"
"Upputeru River","Upputeru River",1253709,,
"Usgao (India)","Usgao",1253672,,
"Usri Nadī","Usri Nadī",1253664,,
"Utah","Utah",5549030,"Utah","n79021759"
"Uttar Pradesh (India)","Uttar Pradesh",1253626,"Uttar Pradesh (India)","n80125998"
"Uttarakhand (India)","Uttarakhand",1444366,"Uttarakhand (India)","n2010001342"
"Uzbekistan","Uzbekistan",1512440,"Uzbekistan","n91129869"
"Vacaville (Calif.)","Vacaville",5405228,"Vacaville (Calif.)","n81081043"
"Vadodara (India : District)","Vadodara",1253574,"Vadodara (India : District)","n82047072"
"Vaigai River","Vaigai River",1253547,,
"Vaippār River","Vaippār River",1253540,,
"Val-d'Oise (France)","Val-d'Oise",2971071,"Val-d'Oise (France)","n83225744"
"Val-de-Marne (France)","Val-de-Marne",2971090,"Val-de-Marne (France)","n83200305"
"Valledupar (Colombia)","Valledupar",3666304,"Valledupar (Colombia)","n83205549"
"Vallejo (Calif.)","Vallejo",5405380,"Vallejo (Calif.)","n79125898"
"Valpoy (India)","Valpoy",1253471,,
"Vamsadhara River (India)","Vamsadhāra River",1253458,"Vamsadhara River (India)","sh2012002791"
"Var (France)","Var",2970749,"Var (France)","n81102547"
"Vārāhi (India)","Vārāhi ",1253411,,
"Vārānasi (Uttar Pradesh, India : District)","Vārānasi",1253407,"Vārānasi (Uttar Pradesh, India : District)","n82017475"
"Varangaon (India)","Varangaon",1253403,,
"Vardak (Afghanistan)","Wardak",1121863,"Vardak (Afghanistan)","n86066491"
"Vāsco Da Gāma (India)","Vāsco Da Gāma",1253367,,
"Vātrak River","Vātrak River",1253353,,
"Vaucluse (France : Department)","Vaucluse",2970554,"Vaucluse (France : Department)","n50021204"
"Vellore (India : District)","Vellore",7646146,"Vellore (India : District)","no2002095688"
"Vena River (India)","Vena River",1253264,,
"Vendée (France)","Vendée",2970140,"Vendée (France)","n81003034"
"Venkatāpur (Karnataka : India)","Venkatāpur",1253249,,
"Veraval (India)","Verāval",1253237,"Veraval (India)","n2008206476"
"Vermont","Vermont",5242283,"Vermont","n79007067"
"Victoria (B.C.)","Victoria",6174041,"Victoria (B.C.)","n81090251"
"Vienna (Austria)","Vienna",2761369,"Vienna (Austria)","n79018895"
"Vienne (France)","Vienne",2969280,"Vienne (France)","n80139195"
"Vijayawāda (India)","Vijayawāda",1253184,"Vijayawāda (India)","n81089485"
"Villanur (India)","Villanur",1253169,,
"Virginia","Virginia",6254928,"Virginia","n79022909"
"Virginia Beach (Va.)","Virginia Beach",4791259,"Virginia Beach (Va.)","n80060996"
"Vishākhapatnam (India : District)","Vishākhapatnam",1253103,"Vishākhapatnam (India : District)","n85155188"
"Vosges (France)","Vosges",2967681,"Vosges (France)","n80072493"
"Vuyyūru (India)","Vuyyūru",1253077,,
"Wābāgai (India)","Wābāgai",1253071,,
"Wallis and Futuna Islands","Wallis and Futuna Islands",4034749,"Wallis and Futuna Islands","n86048239"
"Walnut Creek (Calif.)","Walnut Creek",5406990,"Walnut Creek (Calif.)","n81050045"
"Wandoor (India)","Wandūr",1252968,"Wandoor (India)","n89234298"
"Warangal (India : District)","Warangal",1252949,"Warangal (India : District)","n85014568"
"Wardha River (India)","Wardha River",1252938,,
"Warsaw (Poland)","Warsaw",756135,"Warsaw (Poland)","n79018894"
"Washington (D.C.)","Washington D.C.",4138106,"Washington (D.C.)","n79018774"
"Washington (State)","Washington",5815135,"Washington (State)","n79027224"
"West Allahābād Branch","West Allahābād Branch",7003767,,
"West Bengal (India)","West Bengal",1252881,"West Bengal (India)","n81063203"
"West Virginia","West Virginia",4826850,"West Virginia","n79059831"
"Western Province (Zambia)","Western Province",896140,"Western Province (Zambia)","n83055144"
"Windsor (Calif.)","Windsor",5410004,"Windsor (Calif.)","n88160653"
"Wisconsin","Wisconsin",5279468,"Wisconsin","n79022855"
"Woodside (Calif.)","Woodside",5410535,"Woodside (Calif.)","n81116235"
"Wyoming","Wyoming",5843591,"Wyoming","n79022108"
"Xinjiang Sheng (China)","Xinjiang Sheng",1788796,"Xinjiang Sheng (China)","n81075923"
"Yamuna River (India)","Yamuna",1252798,"Yamuna River (India)","sh87001822"
"Yercaud (India)","Yercaud",1252734,,
"Yerevan (Armenia)","Yerevan",616052,"Yerevan (Armenia)","n79142628"
"Yiyang Shi (China)","Yiyang",1808316,"Yiyang Shi (China)","nr95041462"
"Yonne (France)","Yonne",2967222,"Yonne (France)","n81120450"
"Yountville (Calif.)","Yountville",5410999,"Yountville (Calif.)","n80072141"
"Yulin Shi (China)","Yulin",1785777,"Yulin Shi (China)","n97047194"
"Yunnan Sheng (China)","Yunnan Sheng",1785694,"Yunnan Sheng (China)","n81059860"
"Yvelines (France)","Yvelines",2967196,"Yvelines (France)","n82129305"
"Zābul (Afghanistan)","Zābul",1121143,"Zābul (Afghanistan)","no2013035694"
"Zambia","Zambia",895949,"Zambia","n80089997"
"Zhejiang Sheng (China)","Zhejiang Sheng",1784764,"Zhejiang Sheng (China)","n81023097"
"Zhengzhou (China)","Zhengzhou",1784658,"Zhengzhou (China)","n2008049243"
"Zugdidi (Georgia)","Zugdidi",610824,"Zugdidi (Georgia)","n2009016643"
"Zunheboto (India)","Zunheboto",1252654,,
